Date,Open,High,Low,Close,Volume
,BITO,BITO,BITO,BITO,BITO
1634688000000000000,15.460535420415493,16.094043673061677,15.416591634047982,15.848695755004883,29871900
1634774400000000000,15.617997784393745,15.669264140293382,14.79773189928926,14.951532363891602,20499700
1634860800000000000,15.108989891004562,15.124737180432875,14.244783173144985,14.468157768249512,11914400
1635120000000000000,14.980822473143967,15.12693154500681,14.841669978343859,14.859980583190918,7522900
1635206400000000000,14.812376123177625,14.885614354814345,14.643929168245325,14.669562339782715,6142400
1635292800000000000,13.940842755400586,14.041545488799722,13.732114723357784,13.93718147277832,6527000
1635379200000000000,14.534074722955065,14.604749654946785,13.673529129518787,14.490132331848145,7176600
1635465600000000000,14.442523765163346,14.91124761219492,14.407736687535524,14.790404319763184,7049000
1635724800000000000,14.603651176190525,14.665902778331361,14.142251196603356,14.475483894348145,6042100
1635811200000000000,14.922234793595369,15.167581296375268,14.856320515883667,15.006458282470703,6106400
1635897600000000000,14.709844402266869,14.925896451992653,14.321684086995782,14.794069290161133,5160000
1635984000000000000,14.583508435213252,14.72082960428889,14.26675365724139,14.391258239746094,4282300
1636070400000000000,14.504777060304146,14.59266182312378,14.288725039426462,14.376609802246094,3022000
1636329600000000000,15.434899480490852,15.716864376239394,15.368985209642247,15.585037231445312,8171800
1636416000000000000,15.998833084071494,16.057423400681355,15.581376903613322,15.863343238830566,7763000
1636502400000000000,16.083053606288555,16.218544823407058,15.321379631044545,15.493489265441895,9954400
1636588800000000000,15.222508814337118,15.42940553404618,15.178566432529635,15.24081802368164,3247200
1636675200000000000,14.96983733415758,15.11997507541062,14.629280755746507,15.057722091674805,7672600
1636934400000000000,15.303073570028712,15.328706746776898,14.91491184127946,14.973502159118652,6204300
1637020800000000000,14.252107947747575,14.413232371879692,13.882256822805317,13.995776176452637,8119300
1637107200000000000,14.149573708614376,14.241121159003344,13.924733751570816,14.167882919311523,7245800
1637193600000000000,13.84563808645185,13.915213651825772,13.278042727867852,13.58930492401123,11930400
1637280000000000000,13.549020640079638,13.691834417916533,13.516063506970891,13.552681922912598,6827900
1637539200000000000,13.675360095003045,13.721133825248037,13.040020495698007,13.069314956665039,10940500
1637625600000000000,13.358601803996102,13.567329848050491,13.25973040466986,13.552681922912598,6421000
1637712000000000000,13.120580025992863,13.439164732243947,13.080298928106487,13.435502052307129,5460200
1637884800000000000,12.743403666837462,12.772699518836513,12.567632745552482,12.61157512664795,5211600
1638144000000000000,13.365930279332161,13.763979328085243,13.259734881581998,13.574658393859863,6690000
1638230400000000000,13.64459865310495,13.860283304391686,13.175508772827202,13.398884773254395,6746800
1638316800000000000,13.673527172049726,13.812679687021568,13.19015674836146,13.212128639221191,6683000
1638403200000000000,13.171845653030998,13.39522162231456,13.040017120542139,13.289026260375977,4670600
1638489600000000000,13.204805078158193,13.226775572784483,11.970744410195103,12.410172462463379,14049100
1638748800000000000,11.2456898316451,11.50934696768608,11.11019997980333,11.370194435119629,8017300
1638835200000000000,11.879200198743513,12.113562914961397,11.688781976026611,11.765682220458984,5064600
1638921600000000000,11.699765143215489,11.919478478610683,11.595401099367272,11.809621810913086,6224900
1639008000000000000,11.410472080165006,11.421458023651228,10.985692043685294,11.062591552734375,7156600
1639094400000000000,11.523992316782824,11.564273416757139,10.989355564349435,11.260335922241211,8618700
1639353600000000000,11.113860942791227,11.143156099836624,10.60851861069359,10.824570655822754,9171400
1639440000000000000,10.890483761848595,11.121183709900352,10.777697105057701,11.102873802185059,7042600
1639526400000000000,11.073581898607662,11.505686069197836,10.806263453565188,11.44343376159668,9616800
1639612800000000000,11.31160238123255,11.359207445030247,11.033298057224115,11.117522239685059,5015400
1639699200000000000,10.813585853168421,10.993018784757053,10.538943482653881,10.725700378417969,6895200
1639958400000000000,10.612178183939543,10.963720687144843,10.557249864253192,10.905130386352539,4705400
1640044800000000000,11.296956888890447,11.359209190649066,11.213465369321936,11.293294906616211,3273900
1640131200000000000,11.318924793054386,11.434274756573348,11.253010528186406,11.384839057922363,3629600
1640217600000000000,11.271325684751098,11.9341292264909,11.249353787258945,11.842581748962402,5727700
1640563200000000000,11.897507029463538,12.098911136914364,11.816944827721924,11.886520385742188,4773700
1640649600000000000,11.373855321133597,11.410474441882199,10.963356437305691,11.073579788208008,7170700
1640736000000000000,10.98203175461468,11.135831494861517,10.87949836163292,10.945412635803223,4398600
1640822400000000000,10.923441631730405,11.090057961658554,10.89048449407854,10.916117668151855,4659800
1640908800000000000,11.11752324681979,11.157803652391921,10.564576530423047,10.5828857421875,5522200
1641168000000000000,10.894146905569048,10.938089990321998,10.55359026870152,10.601195335388184,5205600
1641254400000000000,10.864854205844354,11.01133002406308,10.509650259357473,10.700068473815918,6253900
1641340800000000000,10.714716514063497,10.828235187033467,10.075348845109511,10.121488571166992,10718700
1641427200000000000,9.887127788230051,10.062898781281255,9.813889525232797,9.98966121673584,6675300
1641513600000000000,9.660088919187427,9.740651141398665,9.356151340681215,9.671074867248535,9618100
1641772800000000000,9.184040471649546,9.715015979275895,9.110802229752242,9.634453773498535,12742500
1641859200000000000,9.553890619824944,9.967684729419352,9.51727150518658,9.890785217285156,8372200
1641945600000000000,10.128809673673308,10.167259434519352,10.00430508749903,10.11416244506836,6993300
1642032000000000000,10.224018157938309,10.260637273738933,9.755295012283709,9.872475624084473,6406900
1642118400000000000,9.758958193131129,10.026276583962764,9.718677789406176,9.949377059936523,7138100
1642464000000000000,9.572200402422276,9.652762599152158,9.509948113336257,9.623467445373535,5490100
1642550400000000000,9.736987235727309,9.83585865339556,9.564878274137556,9.594173431396484,5608600
1642636800000000000,9.791915514660406,10.04458668116731,9.78459155077287,9.850505828857422,8127200
1642723200000000000,8.891088607506735,9.002775909958926,8.656726660241636,8.825174331665039,14546700
1642982400000000000,7.752240323489385,8.664053103913371,7.6541015573796845,8.598138809204102,19580500
1643068800000000000,8.458981595776036,8.667709597875282,8.294195963354854,8.502923965454102,14666800
1643155200000000000,8.86545503992238,8.96432645708809,8.451660858436789,8.51391315460205,16864700
1643241600000000000,8.502926596905255,8.576164833636001,8.169693946838379,8.169693946838379,10216500
1643328000000000000,8.5432105043494,8.722643475006715,8.424198505166125,8.704334259033203,8518700
1643587200000000000,8.598135916960638,8.931368562829658,8.565178780692136,8.847145080566406,5328500
1643673600000000000,8.964328145384815,9.046721008540365,8.788557169620823,8.861795425415039,5361600
1643760000000000000,8.832499905505605,8.83616118954062,8.517576396161882,8.634757041931152,4222400
1643846400000000000,8.407719556401732,8.541379481163668,8.3381439800442,8.363777160644531,3561700
1643932800000000000,8.700668600569264,9.425724142670488,8.634754333387058,9.359809875488281,13078400
1644192000000000000,9.890787378802493,10.271624438295067,9.8468442919429,10.191062927246094,10917000
1644278400000000000,10.04825092938678,10.224021911621094,9.84318408499495,10.224021911621094,4576000
1644364800000000000,10.165427875161187,10.337536811828613,10.070218453243607,10.337536811828613,3774400
1644451200000000000,10.02627446337493,10.560911830412381,10.02627446337493,10.158102989196777,11501800
1644537600000000000,10.040924171644082,10.131372955702636,9.678396359678954,9.758957862854004,10060500
1644796800000000000,9.835857048990578,9.876137447118872,9.62346701889506,9.715014457702637,5875500
1644883200000000000,10.209371756444902,10.267962769544168,10.099515091093528,10.180076599121094,3897500
1644969600000000000,10.05557081087357,10.227680450842556,9.975009312419967,10.165428161621094,4197600
1645056000000000000,9.69304309539163,9.733324194156872,9.389105609998662,9.411077499389648,7666000
1645142400000000000,9.290237759684443,9.385446515863393,9.077847652724127,9.195028305053711,9924100
1645488000000000000,8.62377133883979,8.817852225427089,8.594476176567344,8.711657524108887,6807300
1645574400000000000,8.946016002284495,8.973479815378528,8.577994900141197,8.645740509033203,8870500
1645660800000000000,8.105976837036529,9.132773291073637,8.08547029879806,8.810525894165039,16154000
1645747200000000000,9.030240820555594,9.103112376134622,8.850807894254158,8.982636451721191,7294900
1646006400000000000,8.96798990289436,9.660088539123535,8.9643279203514,9.660088539123535,13625700
1646092800000000000,10.239397670118494,10.260636882193648,9.94205149487242,10.172751426696777,11998800
1646179200000000000,10.08852901546813,10.443733579210509,9.996981562701807,10.099514961242676,7551100
1646265600000000000,10.092193097932787,10.121488260977298,9.616146523846552,9.671074867248535,11761100
1646352000000000000,9.506286839856068,9.546567941221232,8.975312050763954,9.074183464050293,8665200
1646611200000000000,8.997281678370594,9.081505149803215,8.539544509560926,8.627429962158203,9189100
1646697600000000000,8.898411298028309,9.052211032242575,8.76292147172739,8.843482971191406,7486100
1646784000000000000,9.696708116728848,9.810227485480855,9.601498661542545,9.638117790222168,7202600
1646870400000000000,8.982636769572387,9.136436525908927,8.916722488506489,9.103479385375977,4262700
1646956800000000000,9.081506967511727,9.107140840795067,8.781231436423191,8.795879364013672,4508100
1647216000000000000,8.905736923217773,9.004608349046917,8.821513426452961,8.905736923217773,3494200
1647302400000000000,8.91672149578687,9.158406700486665,8.839821276954249,9.136435508728027,5141500
1647388800000000000,9.286571472193444,9.473328312191821,9.030238390207092,9.396428108215332,7204500
1647475200000000000,9.411076859094731,9.469667163247959,9.326852685729387,9.392766952514648,2516200
1647561600000000000,9.301223240780873,9.68206106878144,9.260942827072512,9.678399085998535,5578200
1647820800000000000,9.509949621074941,9.55023072582618,9.348826598973323,9.466007232666016,4770000
1647907200000000000,9.861490609991467,9.953038052418494,9.718676823309806,9.73332405090332,5701900
1647993600000000000,9.71867605446391,9.839518640969645,9.634451883270849,9.704028129577637,5161100
1648080000000000000,9.854167203140928,10.198385801660775,9.802900855992805,10.117823600769043,7568000
1648166400000000000,10.329482970647588,10.395030565807863,10.117824870870557,10.231344223022461,9335800
1648425600000000000,10.912453998534092,11.093718227583215,10.87766622459402,11.033296585083008,6759100
1648512000000000000,11.000344469816165,11.064427420247302,10.842882707669057,10.978372573852539,5306600
1648598400000000000,10.842881011434779,10.98569482059802,10.753164196414495,10.802599906921387,4069100
1648684800000000000,10.85752467470886,10.85752467470886,10.447392593931815,10.458377838134766,5067200
1648771200000000000,10.414439940910878,10.73961602090645,10.38514477969186,10.65978717803955,7977300
1649030400000000000,10.561647417446942,10.637814974092885,10.341201388065093,10.538944244384766,3693200
1649116800000000000,10.667105830150941,10.692739696274206,10.419928057942364,10.560911178588867,4097500
1649203200000000000,10.293596396431152,10.302751002536732,9.86881624737684,10.011630058288574,7099400
1649289600000000000,9.931066827353666,10.033599515507273,9.846842649789775,9.91275691986084,4540100
1649376000000000000,9.802899415798434,10.084865680591191,9.704028019294247,9.769942283630371,5543400
1649635200000000000,9.36347422028137,9.431219146006494,9.09249381892917,9.12178897857666,4800700
1649721600000000000,9.268264520594116,9.273025167248795,8.964326985734344,8.967988967895508,4285900
1649808000000000000,9.095055033999392,9.506285838516467,9.081505772606114,9.400091171264648,5109200
1649894400000000000,9.422063158954867,9.451358314309717,9.052211386067645,9.110801696777344,5129400
1650240000000000000,9.015593169732988,9.400092179772935,8.927707003228004,9.297558784484863,6876800
1650326400000000000,9.370795722568387,9.561214559469121,9.352486514518956,9.49530029296875,3554400
1650412800000000000,9.630793990540829,9.641779938869318,9.343334977904107,9.425727844238281,5789800
1650499200000000000,9.806565671537669,9.83952281807134,9.422065861462118,9.425727844238281,4859400
1650585600000000000,9.246290717887174,9.288402453184165,8.951507872356752,9.01925277709961,5635700
1650844800000000000,8.858131620092177,9.235306674003413,8.827005123326241,9.191364288330078,7760800
1650931200000000000,9.19136272042087,9.198686682934275,8.640246764188444,8.737287521362305,7539700
1651017600000000000,8.905736031158927,9.026578640028456,8.77756945849085,8.87277889251709,4498900
1651104000000000000,9.008267876368823,9.242629089916138,8.880101325790818,9.132772445678711,7616600
1651190400000000000,8.909400081318442,8.997285571948188,8.700671953766323,8.72996711730957,5787100
1651449600000000000,8.854470381432293,8.931369912041191,8.673206104572955,8.788556098937988,6414300
1651536000000000000,8.751937239685937,8.773908435030027,8.535885173189214,8.579828262329102,5523000
1651622400000000000,8.913061564301259,9.143760876962267,8.803204881786828,9.107142448425293,6639500
1651708800000000000,8.997283170510363,8.997283170510363,8.10011858992551,8.27955150604248,11554300
1651795200000000000,8.18800462054382,8.29053732340824,8.030542885771569,8.198989868164062,5444200
1652054400000000000,7.455624950122844,7.613086684293864,6.910002202765073,7.041830062866211,12472900
1652140800000000000,7.316470731226341,7.375061032898608,7.0161952605431015,7.1187286376953125,7176500
1652227200000000000,6.785498051591925,7.279853781562439,6.628036307132465,6.657331466674805,14410900
1652313600000000000,6.48155962582022,6.790989749956257,6.308351311456471,6.485220909118652,19023600
1652400000000000000,6.961268095903597,7.06380149008079,6.686625749293021,6.840425491333008,7862700
1652659200000000000,6.79648410274783,6.8184559988388695,6.613389159366518,6.708598613739014,4154800
1652745600000000000,6.957606469538559,7.005210838064048,6.7049353021835945,6.836763858795166,6501100
1652832000000000000,6.701275140406943,6.732401646262111,6.525504149483575,6.6390228271484375,5417400
1652918400000000000,6.745216499193699,6.950282602427625,6.675640237962819,6.818454742431641,5605800
1653004800000000000,6.895354856861328,6.920988034643624,6.5218410417291794,6.660993576049805,5739500
1653264000000000000,6.9283110359189015,6.957606191946929,6.606064319610596,6.606064319610596,5331600
1653350400000000000,6.65366831042499,6.737891791942016,6.507192538558081,6.671977519989014,8812000
1653436800000000000,6.6976113665918415,6.836763174741019,6.679301458643547,6.719582557678223,6188500
1653523200000000000,6.404659729091952,6.781835486954972,6.400997747157168,6.675640106201172,9657000
1653609600000000000,6.635359727936766,6.682964096373031,6.402829112550139,6.551135540008545,12572700
1653955200000000000,7.243233925562658,7.384217071284643,7.100419439851854,7.188304901123047,9464400
1654041600000000000,7.250558277195131,7.261544223420421,6.7891597109595905,6.829440116882324,6636000
1654128000000000000,6.778172920583168,6.924648693086671,6.752539747701501,6.8880295753479,6050300
1654214400000000000,6.715920925140381,6.759863309596995,6.639020704663893,6.715920925140381,4776300
1654473600000000000,7.15534925427472,7.235544772730568,7.063801801370191,7.162672519683838,6424500
1654560000000000000,6.715920260086015,7.140700326177365,6.677470502881121,7.063800811767578,7038300
1654646400000000000,6.902677784502803,7.014365783876694,6.789159143470214,6.840425491333008,5410600
1654732800000000000,6.851409359276132,6.9209856019810365,6.792819059667201,6.807466983795166,2847600
1654819200000000000,6.675639940405109,6.733864264354319,6.533192129402569,6.5731072425842285,5387900
1655078400000000000,5.309752109271899,5.5001709732327955,5.126657208952178,5.243837833404541,22112200
1655164800000000000,5.10834763169547,5.174261907338575,4.992997998545843,5.027785778045654,15399600
1655251200000000000,4.8556769712602685,5.0900382264861745,4.595682191824666,4.906943321228027,25624700
1655337600000000000,4.82638151342024,4.868493255189646,4.698214948040711,4.73117208480835,14511800
1655424000000000000,4.679905859584677,4.745453801854303,4.61399192864461,4.657934665679932,11869700
1655769600000000000,4.804411197487317,4.934408786858025,4.7311732911222135,4.742158889770508,12501600
1655856000000000000,4.665257272498191,4.738495151731727,4.489486362337704,4.5663862228393555,9795800
1655942400000000000,4.657935384757109,4.74948285501996,4.562725931869532,4.742158889770508,8418600
1656028800000000000,4.819058895111084,4.855678023790706,4.712863841011252,4.819058895111084,7994600
1656288000000000000,4.815396995270414,4.815396995270414,4.624978430846619,4.712863922119141,8145500
1656374400000000000,4.760466690114665,4.782438228497604,4.559062260303125,4.5663862228393555,6626800
1656460800000000000,4.548078564396401,4.588359327484289,4.49131922794849,4.57004976272583,7697400
1656547200000000000,4.343009401082957,4.353995342728161,4.2313217881622185,4.251461982727051,9600800
1656633600000000000,4.353997388213543,4.4455448495779715,4.339349808364268,4.3796305656433105,8620300
1656979200000000000,4.375967490504196,4.639624211170383,4.357657932958836,4.624976634979248,10137000
1657065600000000000,4.570047799302832,4.635962064424272,4.533429034744283,4.599343299865723,5514900
1657152000000000000,4.617653239103267,4.958209863883823,4.606667642917838,4.954547882080078,9052100
1657238400000000000,4.8337047767165675,5.0113070343560935,4.793424028716497,4.936237812042236,8833200
1657497600000000000,4.650610541612246,4.690891644428606,4.575541658105527,4.635962963104248,5615300
1657584000000000000,4.4968105838162,4.529767721234995,4.350334805539113,4.375967979431152,7931900
1657670400000000000,4.295405424868964,4.5261049998769325,4.2734342363305355,4.4382195472717285,8055700
1657756800000000000,4.456529524822876,4.727509870564544,4.434924322824728,4.668919563293457,6980700
1657843200000000000,4.745820015882205,4.797086715698242,4.6762441046987036,4.797086715698242,7756300
1658102400000000000,5.035109142213099,5.163275696432466,4.841028669423736,4.895956993103027,10495600
1658188800000000000,5.057080398286317,5.368341463764116,4.991166134178331,5.313413143157959,15314400
1658275200000000000,5.412284042046552,5.502000482836236,5.3060890356806265,5.36101770401001,13783100
1658361600000000000,5.144967516017415,5.269472122192383,5.060743668041348,5.269472122192383,8760600
1658448000000000000,5.346370255929421,5.388481991523975,5.104684738147068,5.119332313537598,7252400
1658707200000000000,4.961872450542379,4.987139639152175,4.881310587168485,4.958210468292236,5558200
1658793600000000000,4.738495698964605,4.771452835732243,4.68722935219343,4.73117208480835,5246300
1658880000000000000,4.819057270824805,5.232851748839197,4.819057270824805,5.170599460601807,9390000
1658966400000000000,5.243837661991447,5.474537270760171,5.154121205674575,5.415946960449219,7459400
1659052800000000000,5.364681113799124,5.503833297434963,5.320738374107678,5.430595397949219,9461900
1659312000000000000,5.234683161090394,5.32806160096558,5.176092849613996,5.203557014465332,6753600
1659398400000000000,5.155952992141582,5.309752755053617,5.130319814731527,5.196233749389648,6166700
1659484800000000000,5.2658095069640565,5.342709380993031,5.252992919496863,5.320737838745117,6352500
1659571200000000000,5.188909065198663,5.2438373909698255,5.062573496854054,5.064404487609863,7663700
1659657600000000000,5.210880723228601,5.291442577581647,5.1413048143958395,5.188909530639648,9272600
1659916800000000000,5.445242115604695,5.500170793440561,5.3866518052937415,5.415946960449219,7767000
1660003200000000000,5.2621474547882165,5.273133051152579,5.1632763890573345,5.210880756378174,2985900
1660089600000000000,5.463552771678602,5.47453836976079,5.317076966496549,5.346372127532959,7315000
1660176000000000000,5.573409044292666,5.642984955011545,5.445242470221372,5.485523223876953,7223200
1660262400000000000,5.382990049107221,5.489185078301195,5.355525883651606,5.478199481964111,5128500
1660521600000000000,5.452567166930674,5.489185943568488,5.414117049851224,5.419610023498535,3481500
1660608000000000000,5.40496076040767,5.4342559122885445,5.335384512771276,5.408622741699219,3629200
1660694400000000000,5.335386254624058,5.344541210841764,5.232853189566851,5.240177154541016,5922600
1660780800000000000,5.306090898038876,5.306090898038876,5.240176961824845,5.269472122192383,2519000
1660867200000000000,4.844690344274552,4.870323864879835,4.751312263041811,4.789762020111084,6517700
1661126400000000000,4.764129350049964,4.837367239716498,4.712862652670487,4.73483419418335,3922700
1661212800000000000,4.826380894689344,4.888633178552997,4.809170002018876,4.852014064788818,3656800
1661299200000000000,4.822720396349233,4.928915439847111,4.804410833837352,4.88863468170166,2838000
1661385600000000000,4.855676395220837,4.895957143877743,4.808071683594071,4.848352432250977,3280000
1661472000000000000,4.899618541885727,4.906942154757671,4.582864514901583,4.610328674316406,10825900
1661731200000000000,4.482163239728493,4.58286564811809,4.471177643091274,4.511458396911621,4878100
1661817600000000000,4.566386751166307,4.595681906249146,4.364982298052448,4.46019172668457,5602100
1661904000000000000,4.555400077460102,4.5883572089632905,4.445543438083794,4.526104927062988,4224900
1661990400000000000,4.471175979209129,4.493147513533003,4.361319006041137,4.449204444885254,5542900
1662076800000000000,4.57371036532412,4.599343887940949,4.412587012368509,4.46019172668457,7435300
1662422400000000000,4.452867529649211,4.463853124922388,4.192872780012172,4.200196743011475,12062400
1662508800000000000,4.222168762116279,4.313716222218177,4.214845146905567,4.269773483276367,5835800
1662595200000000000,4.288082479391925,4.357658386230469,4.275265892544757,4.357658386230469,6591600
1662681600000000000,4.723848162805614,4.846521756723184,4.720186530308309,4.822719573974609,8431300
1662940800000000000,5.0497571654080815,5.086009946059174,4.9765192776118035,5.071728706359863,6944700
1663027200000000000,4.815396653734322,4.854212760421248,4.5242756789694365,4.573711395263672,8162200
1663113600000000000,4.584696249556772,4.588357881974186,4.421741558692009,4.496810436248779,6898100
1663200000000000000,4.507797147922584,4.548077905171948,4.390616159988873,4.452868461608887,5018500
1663286400000000000,4.452868046779393,4.456530028704326,4.348504006499535,4.4162492752075195,6223100
1663545600000000000,4.222168728081556,4.40892562899819,4.222168728081556,4.394278049468994,6703600
1663632000000000000,4.255125776799815,4.348504225227592,4.216676012331467,4.266111373901367,5089600
1663718400000000000,4.346672523048587,4.482162695887374,4.214844331719822,4.273434638977051,11488300
1663804800000000000,4.306393675572678,4.392448183700258,4.225831792909582,4.34667444229126,7995700
1663891200000000000,4.280759017735553,4.28625199098217,4.163578382281118,4.229492664337158,8582800
1664150400000000000,4.291744174242538,4.348503490439799,4.269772634526238,4.324701309204102,4661100
1664236800000000000,4.540754686234827,4.590190407266779,4.234986101326474,4.299069404602051,7444600
1664323200000000000,4.3173777338891375,4.438220340115042,4.288082577787452,4.4125871658325195,8103600
1664409600000000000,4.3466734236759805,4.427235287459916,4.236816400193495,4.3796305656433105,4890800
1664496000000000000,4.3338556733700075,4.559062284150808,4.330193692082737,4.390614986419678,8115300
1664755200000000000,4.335687418988089,4.445544432155345,4.299068298190397,4.4162492752075195,9041800
1664841600000000000,4.518782019579832,4.5920199070070185,4.494247161409472,4.584696292877197,8210000
1664928000000000000,4.504133775447036,4.606666802669399,4.460191049494594,4.544414520263672,5885700
1665014400000000000,4.5444149618606735,4.599343636558147,4.486190992736798,4.522443771362305,6864900
1665100800000000000,4.430897269728697,4.441516529391972,4.352166397079152,4.3796305656433105,7260800
1665360000000000000,4.368645228102568,4.374137852606833,4.296871977801128,4.317378520965576,3118800
1665446400000000000,4.299068642570907,4.322871177763874,4.236816341763549,4.269773483276367,4904500
1665532800000000000,4.29540542388467,4.321038942807957,4.281490524067252,4.31005334854126,2587000
1665619200000000000,4.103156624123951,4.4089251168499475,4.094002018941309,4.375967979431152,13273000
1665705600000000000,4.4455442635863855,4.463853474065154,4.310054080533838,4.32103967666626,8380900
1665964800000000000,4.419910780245037,4.445544303753367,4.383292009730834,4.4125871658325195,4210400
1666051200000000000,4.4382211799236595,4.449206778234055,4.302730970009199,4.33568811416626,4789400
1666137600000000000,4.324702515855864,4.3543636662165195,4.299068987497108,4.33568811416626,2208300
1666224000000000000,4.31737896971306,4.368645682178704,4.273436222982183,4.299069404602051,3865900
1666310400000000000,4.277097790876317,4.348504703732701,4.256957236285696,4.33568811416626,6820000
1666569600000000000,4.368644237625446,4.39061542911285,4.32103952376835,4.372305870056152,4297400
1666656000000000000,4.372306925212599,4.621316150334473,4.372306925212599,4.5920209884643555,13740000
1666742400000000000,4.62607543995548,4.758635956133864,4.601174245369872,4.701876640319824,12256200
1666828800000000000,4.698215580302961,4.703708553578716,4.628639664939277,4.683568000793457,6647400
1666915200000000000,4.603006578265684,4.700047020045453,4.597513953691464,4.665258884429932,8205800
1667174400000000000,4.6725816628014885,4.687229239989157,4.566386640884446,4.603005409240723,4302100
1667260800000000000,4.635962229816158,4.643286192524607,4.587991531288565,4.624976634979248,2309400
1667347200000000000,4.613990931647593,4.712129654897956,4.537091071145941,4.5663862228393555,7493800
1667433600000000000,4.548077868361652,4.599344571994334,4.533430288641721,4.577373027801514,5400100
1667520000000000000,4.720186934156832,4.833339594810899,4.676244197397348,4.782439231872559,11666600
1667779200000000000,4.687229191094786,4.727509940634243,4.6652576509295836,4.705538749694824,4578100
1667865600000000000,4.423206916910082,4.668920107798614,3.8047122763116947,4.075692653656006,49341600
1667952000000000000,3.911639676789514,3.9914688583908706,3.517253018295451,3.537393569946289,39911000
1668038400000000000,3.764430446667366,4.031749139689749,3.6490808316981043,3.976820468902588,36835100
1668124800000000000,3.5666886813462275,3.7387979905899695,3.5447174882155985,3.581336259841919,22101400
1668384000000000000,3.658236280806682,3.683869806120434,3.5685198152731297,3.59232234954834,13114100
1668470400000000000,3.746120965162096,3.7992186464028372,3.6809393742222407,3.7607688903808594,12253200
1668556800000000000,3.6578694510600602,3.6758126701958194,3.6033071180251683,3.6618974208831787,7926700
1668643200000000000,3.647249952299342,3.736966399839131,3.647249952299342,3.7204878330230713,6090700
1668729600000000000,3.738798221428177,3.7424602035846504,3.6783769127497323,3.713165044784546,5497500
1668988800000000000,3.6142932809606805,3.665559978637542,3.4714791333631556,3.5117602348327637,11553000
1669075200000000000,3.5740139607010097,3.6256466677109342,3.552042410257453,3.5849995613098145,5472200
1669161600000000000,3.6435891526144832,3.7314746379852295,3.621617955884734,3.7314746379852295,4980500
1669334400000000000,3.702179476194981,3.7424605855759796,3.6985178428906065,3.7314746379852295,1888600
1669593600000000000,3.64725090592661,3.680208048175857,3.5868295948782745,3.658236503601074,4897500
1669680000000000000,3.6948546620762066,3.7241498143656986,3.6747141139175206,3.7204878330230713,2249400
1669766400000000000,3.808373762681769,3.9255547356129195,3.7900645521471628,3.9182307720184326,7346400
1669852800000000000,3.881612620192726,3.9182313963223265,3.841331512456547,3.8596410751342773,7773000
1669939200000000000,3.848654595495756,3.9035829217190723,3.848654595495756,3.896259307861328,2642800
1670198400000000000,3.92921735072618,3.9475269150650893,3.841331860970487,3.8559794425964355,3783600
1670284800000000000,3.8852736949920654,3.894428649628196,3.8486549241249755,3.8852736949920654,3309500
1670371200000000000,3.859640437159897,3.8669644007107284,3.8193596853077345,3.8340072631835938,2701000
1670457600000000000,3.844993395495561,3.967667008273263,3.8391344333733044,3.947526454925537,6081800
1670544000000000000,3.9218926088578385,3.943864149603399,3.90358304977417,3.90358304977417,2943000
1670803200000000000,3.8999214657473913,3.9292166235778714,3.8889358688674185,3.9255549907684326,2679100
1670889600000000000,4.112310202832017,4.117070847781263,4.031748719501488,4.064705848693848,7605500
1670976000000000000,4.115973054759564,4.229492040532601,4.050059131650959,4.079354286193848,11670800
1671062400000000000,4.024426158594205,4.024426158594205,3.9621738593904947,3.984145402908325,3877500
1671148800000000000,3.8999216896695326,3.910907636406115,3.824852799765462,3.8449933528900146,6556400
1671408000000000000,3.819359101666949,3.8303446960886713,3.760768799116765,3.7790780067443848,2842700
1671494400000000000,3.830711905577065,3.907245444583904,3.8230216035836104,3.863302707672119,3910300
1671580800000000000,3.8449926203986573,3.8633021789123787,3.8193594480149167,3.8376686573028564,1591700
1671667200000000000,3.8266848394896504,3.848656389757687,3.7680945044094787,3.8303468227386475,3745400
1671753600000000000,3.8340077553792806,3.863302914891803,3.824120473161526,3.8449933528900146,2066900
1672099200000000000,3.8413320155209414,3.8486559812415315,3.7809106952297014,3.797389268875122,3184900
1672185600000000000,3.790065288543701,3.82668406595362,3.7607701269254163,3.790065288543701,2738500
1672272000000000000,3.790065288543701,3.808374502635724,3.782741323526193,3.790065288543701,2019100
1672358400000000000,3.7644313340412157,3.8266836327390252,3.7186576055414045,3.8193600177764893,3834600
1672704000000000000,3.8706259215843466,3.876118894088986,3.819359575110886,3.8413307666778564,2501100
1672790400000000000,3.87795090675354,3.932879249370231,3.8633033254406968,3.87795090675354,4408000
1672876800000000000,3.8852733632360397,3.901751930948191,3.863302172437026,3.896259307861328,1575900
1672963200000000000,3.863302189710309,3.9511876517508733,3.852316594261684,3.907244920730591,2777900
1673222400000000000,3.98780738503227,4.035412104966039,3.9731598057623283,3.984145402908325,5751700
1673308800000000000,4.006116361414978,4.057383060455322,3.987807150324542,4.057383060455322,3269500
1673395200000000000,4.028087936139981,4.079354635593966,4.006116393738039,4.075692653656006,3621100
1673481600000000000,4.21850760904642,4.43822132875141,4.152593318521981,4.4308977127075195,13516600
1673568000000000000,4.401601887508372,4.533430099487305,4.392446932299245,4.533430099487305,11364700
1673913600000000000,4.950886189192488,4.987504959106445,4.884971914431242,4.987504959106445,12929900
1674000000000000000,4.987506258430737,5.020463404397217,4.739962024172243,4.819058895111084,25287100
1674086400000000000,4.833340035098048,4.930746461249314,4.8190584435454,4.9106059074401855,6439700
1674172800000000000,4.90328215262944,5.218205293759589,4.890465214698561,5.196233749389648,18107600
1674432000000000000,5.309752685012492,5.397638162881254,5.236514786788523,5.372004985809326,11053400
1674518400000000000,5.322568294262728,5.3701730066561,5.295104131135032,5.353694438934326,6406000
1674604800000000000,5.247499258444826,5.335384717459105,5.192570933867344,5.328061103820801,7939800
1674691200000000000,5.390313846906022,5.4049614246465625,5.3097519947201475,5.382989883422852,6300900
1674777600000000000,5.32403367435739,5.470875801756327,5.307921442279677,5.364680767059326,13773400
1675036800000000000,5.378595725276062,5.410454199020153,5.2291902884628385,5.262147426605225,9829300
1675123200000000000,5.353695996211706,5.390315123850889,5.342710397610305,5.357357978820801,5195500
1675209600000000000,5.349587029285599,5.495720101075096,5.2718959174421105,5.471673011779785,12718400
1675296000000000000,5.549364334989278,5.611147190177562,5.460574590306029,5.538265705108643,12849700
1675382400000000000,5.397682538249278,5.5012705885280155,5.371785613884377,5.41248083114624,10411900
1675641600000000000,5.275596347041407,5.362906377890982,5.260798054667876,5.327390193939209,7458700
1675728000000000000,5.3162902438284165,5.408779636420044,5.2589469192109375,5.36808443069458,8196600
1675814400000000000,5.331089165999431,5.34958711727959,5.229350963187166,5.275595664978027,6359800
1675900800000000000,5.26079870538146,5.279296661341187,5.035124277747295,5.072120189666748,14259400
1675987200000000000,5.033274010777241,5.061021118722351,4.964832038321106,5.0129265785217285,8246900
1676246400000000000,4.968531938664065,5.005527496337891,4.920437396150856,5.005527496337891,8258100
1676332800000000000,4.979629096542197,5.151659429615064,4.970380298066492,5.1424102783203125,10406700
1676419200000000000,5.233051275710171,5.623356367515095,5.216403152766645,5.582661151885986,16793400
1676505600000000000,5.6381546001834035,5.8416313818150085,5.612257677131439,5.682549476623535,22172700
1676592000000000000,5.523468463410913,5.789837748052681,5.48092306061943,5.745442867279053,15277400
1676937600000000000,5.689948101751634,5.72509417359977,5.603377944534735,5.649252891540527,9128200
1677024000000000000,5.530867606612016,5.560464194719198,5.4439276731495685,5.490172386169434,9556300
1677110400000000000,5.541966208874298,5.562313995394754,5.471674400705967,5.530867576599121,7942700
1677196800000000000,5.471672095397621,5.504968331014041,5.249697426500834,5.334787845611572,14551700
1677456000000000000,5.47019479820993,5.497571448615823,5.305563377192247,5.356987476348877,7700000
1677542400000000000,5.382885005367162,5.43467886140979,5.3273911345539675,5.345889091491699,6209700
1677628800000000000,5.446852301485862,5.4990110701729655,5.353711871524813,5.376065731048584,4919300
1677715200000000000,5.349986485085021,5.417047712315193,5.327632979543341,5.394693851470947,5004500
1677801600000000000,5.133900542834811,5.152528700405915,5.092918880420425,5.100369930267334,9356000
1678060800000000000,5.133899549127264,5.182332607316505,5.111546048610681,5.118997097015381,5277600
1678147200000000000,5.118998147790606,5.152528760750783,5.014680961594267,5.048211574554443,8581300
1678233600000000000,5.0370348294741785,5.092918947622337,5.007229563785594,5.055662631988525,5277000
1678320000000000000,4.981150428710452,4.988601834066972,4.567607024592831,4.601137638092041,17443700
1678406400000000000,4.571331369879772,4.642117923234839,4.493093413380774,4.56387996673584,14404000
1678665600000000000,5.1413515371088065,5.620093265323596,5.08546706886155,5.580974102020264,29730600
1678752000000000000,5.9572616827877605,5.998243698454469,5.573523219351759,5.7635297775268555,24717100
1678838400000000000,5.759803509780112,5.774705962568188,5.487833302269601,5.607053279876709,16077600
1678924800000000000,5.666663854409209,5.787746344036671,5.649898548351286,5.741176128387451,10952700
1679011200000000000,6.124914563596057,6.203152179718018,6.009419924646902,6.203152179718018,27311800
1679270400000000000,6.475123022916558,6.4863001314425555,6.32423596614396,6.396885395050049,16942900
1679356800000000000,6.460220782881058,6.561184982725578,6.387571355541182,6.486299991607666,11427000
1679443200000000000,6.531006824206081,6.6520889497384434,6.11373740962344,6.117463111877441,19835100
1679529600000000000,6.2925657763085034,6.6204204124508035,6.27021227721855,6.549633502960205,19269700
1679616000000000000,6.411787192218672,6.497476932316981,6.322372460059899,6.39315938949585,9519300
1679875200000000000,6.374531093751567,6.389433192656236,6.0727555966249795,6.1845245361328125,16324800
1679961600000000000,6.154718584064946,6.311194504358291,6.124913680704545,6.288840293884277,9822300
1680048000000000000,6.497476895563698,6.555223510040877,6.445317769145611,6.516104698181152,8101700
1680134400000000000,6.557086722910137,6.5608124255582,6.3410009435583365,6.419238567352295,8749200
1680220800000000000,6.486300216810384,6.583166360161768,6.478848811028316,6.527282238006592,9507400
1680480000000000000,6.452650737453255,6.494749384330822,6.372279266178836,6.414378643035889,8597100
1680566400000000000,6.456478392574789,6.471021774693275,6.376106916661156,6.441169261932373,6941600
1680652800000000000,6.51197197662605,6.513885982890395,6.341661918074686,6.444996356964111,9347800
1680739200000000000,6.376106653468697,6.437341713551653,6.316784869647303,6.3875885009765625,7378400
1681084800000000000,6.452651139322057,6.743518053037854,6.4220336078772124,6.68610954284668,15452000
1681171200000000000,6.8966052021653645,6.994198348337182,6.858333108184063,6.892777919769287,15613800
1681257600000000000,6.9004310598133625,6.9222457619894495,6.7703064051317625,6.8085784912109375,10759800
1681344000000000000,6.9348769001888995,7.02672948251187,6.906172648846969,6.950185298919678,9204400
1681430400000000000,7.0037674428742775,7.036298984073707,6.835371367184125,6.931051254272461,8301200
1681689600000000000,6.693764290062282,6.7473447890515805,6.657406198602336,6.716727256774902,5009200
1681776000000000000,6.911915325572344,6.942532862397373,6.827717281798428,6.896606922149658,5694400
1681862400000000000,6.663145252193101,6.727441836451917,6.632527726834706,6.659317970275879,5786900
1681948800000000000,6.544503433686575,6.581244031748652,6.36653881220189,6.3875885009765625,10648500
1682035200000000000,6.410550886875995,6.444995696308309,6.184746349477232,6.207709312438965,8580200
1682294400000000000,6.2306742668151855,6.307217735510761,6.134994383461031,6.2306742668151855,4776300
1682380800000000000,6.23067357892729,6.326353451718056,6.184746918796743,6.28425407409668,9398400
1682467200000000000,6.785616904640429,6.81240715420515,6.311044788120883,6.35314416885376,23874100
1682553600000000000,6.582777225531445,6.808581841533794,6.563640808085671,6.774137020111084,13519100
1682640000000000000,6.666975209783802,6.689938180523537,6.567468029938708,6.663147926330566,8464400
1682899200000000000,6.48159944585516,6.493362305092307,6.2992676487505666,6.305149078369141,9736100
1682985600000000000,6.356121803371804,6.5639409958735735,6.320832485596432,6.5247297286987305,16581600
1683072000000000000,6.403176680937088,6.525907394458945,6.3678866086147385,6.422781944274902,12383500
1683158400000000000,6.552179301291403,6.581587947218235,6.497283959980445,6.563942909240723,13293800
1683244800000000000,6.587470184928746,6.761960358719497,6.5796285265606755,6.740394115447998,9592500
1683504000000000000,6.332595851069774,6.367885919573539,6.179672719481974,6.199278354644775,12125900
1683590400000000000,6.285544260015179,6.293385917431612,6.195358468689781,6.2777018547058105,4407400
1683676800000000000,6.367887272084741,6.430625018773817,6.050277335984674,6.2777018547058105,18099700
1683763200000000000,6.199280394997301,6.234570101169486,6.050278042244206,6.081646919250488,8989900
1683849600000000000,5.987538848056405,6.028710348994279,5.848731432414851,5.995380878448486,10304200
1684108800000000000,6.203200983857388,6.277702344321083,6.167910905105796,6.21888542175293,6070800
1684195200000000000,6.1365410279599395,6.160067867937413,6.089487721951427,6.105172157287598,3403900
1684281600000000000,6.058118247610393,6.230647393062826,6.009104345325606,6.214962959289551,7985100
1684368000000000000,6.160068147770269,6.214963860913827,5.971854541239822,6.062040328979492,9027900
1684454400000000000,6.10125259255263,6.1679111760772845,6.038514464267727,6.089488983154297,6261600
1684713600000000000,6.069883341436922,6.148305908306423,6.069883341436922,6.089488983154297,7539600
1684800000000000000,6.183594226370522,6.211041892584738,6.144382954110435,6.1639885902404785,4509400
1684886400000000000,6.050276414541727,6.050276414541727,5.889510869648568,5.940485000610352,8394300
1684972800000000000,5.956169129678251,6.00322280406416,5.897352597615452,5.975774765014648,7247800
1685059200000000000,5.975776080414044,6.0973307470994405,5.975776080414044,6.054198265075684,6555500
1685404800000000000,6.336517266099062,6.351417534366291,6.2306474309719055,6.320833206176758,5987800
1685491200000000000,6.140461372892142,6.160067007811443,6.058118005388185,6.08556604385376,5401600
1685577600000000000,6.076696504454124,6.1371814395065645,6.016211953953076,6.056535243988037,7235600
1685664000000000000,6.112986587592674,6.173471514719795,6.056534450402307,6.165406703948975,4084700
1685923200000000000,6.036372036470053,6.054517473833743,5.713786953344927,5.774271488189697,11901200
1686009600000000000,5.7581432088724025,6.1613745335605525,5.733949544739874,6.129116058349609,16512400
1686096000000000000,6.048469468412687,6.084760346751377,5.927500002134167,5.983952522277832,5708400
1686182400000000000,5.9678232727413585,6.072663502257738,5.9395968204553595,6.004114151000977,4071900
1686268800000000000,6.044437350510606,6.04846975597358,5.9557267376333,5.959758758544922,4424400
1686528000000000000,5.846854431245061,5.862983669466441,5.784353681206136,5.830725193023682,3662100
1686614400000000000,5.895240061787658,5.903304870322914,5.796448464538199,5.83878755569458,2847800
1686700800000000000,5.871046405284365,5.887175637803639,5.806529090656031,5.83878755569458,4082800
1686787200000000000,5.641206100804492,5.75411114780778,5.604915220307103,5.742013931274414,9002500
1686873600000000000,5.766207910938416,5.994033435877493,5.665400081672189,5.959758758544922,13207700
1687219200000000000,6.068631430448333,6.38718415721213,6.016211312809815,6.367022514343262,14810600
1687305600000000000,6.596863557191129,6.969852159253485,6.580733937872554,6.8226728439331055,20063300
1687392000000000000,6.871061037010874,6.899287102143949,6.699687290113127,6.846866607666016,10033300
1687478400000000000,6.838803993827679,7.137195898740643,6.782351845434716,7.02025842666626,30382100
1687737600000000000,6.895256410671755,6.955740960858665,6.777512927371087,6.842835903167725,10123900
1687824000000000000,6.927514986190599,7.032355233571112,6.883159289848091,6.939611434936523,13825200
1687910400000000000,6.822673177146398,6.899287334446233,6.754123829899729,6.81057596206665,8890600
1687996800000000000,6.971870933599179,6.979934976685928,6.887191943814337,6.93154764175415,6181900
1688083200000000000,7.036385792021109,7.040417427809326,6.617024912608009,6.846866607666016,25169500
1688342400000000000,6.9156890311439545,7.04997413071532,6.903100303310595,7.020599365234375,7649900
1688515200000000000,6.80658234461065,6.902260840442772,6.798190125995651,6.852743148803711,6365100
1688601600000000000,6.8947068579397515,6.898903367092027,6.7184574755555735,6.814974784851074,7977400
1688688000000000000,6.814973306511977,6.86533060501324,6.772170203087482,6.793991565704346,7390600
1688947200000000000,6.781403862088459,6.949260234832764,6.781403862088459,6.949260234832764,6047700
1689033600000000000,6.827564253716468,6.9303759256569535,6.798189490304901,6.88211727142334,8862600
1689120000000000000,6.890510905551224,6.945063928134215,6.78350271492975,6.8023858070373535,9254100
1689206400000000000,6.873725550757698,7.196849610086256,6.850645946864879,7.150689601898193,30266700
1689292800000000000,7.003814293972705,7.062563826326902,6.7184580504197235,6.768814563751221,19755000
1689552000000000000,6.785599779390933,6.810778033005111,6.651314692912315,6.701671600341797,7977000
1689638400000000000,6.672296673486429,6.739439219100203,6.609350637023801,6.659707546234131,8064400
1689724800000000000,6.705866672836102,6.756223972684622,6.663902789897087,6.731045722961426,6536600
1689811200000000000,6.777207138026299,6.7939931749701294,6.617743789071385,6.663904190063477,6927300
1689897600000000000,6.6974752986529005,6.74573435327595,6.6701987896930355,6.693278789520264,5296600
1690156800000000000,6.55060049898181,6.554797007998085,6.4540831928142595,6.512833118438721,6137600
1690243200000000000,6.517029271097078,6.579975706161285,6.517029271097078,6.533814907073975,3367600
1690329600000000000,6.533815146438643,6.598859838407999,6.523324273644176,6.575779438018799,5112700
1690416000000000000,6.584171164784367,6.596760690674607,6.470868233179841,6.49185037612915,5557000
1690502400000000000,6.533814834730728,6.603055632393922,6.517029198939684,6.5464043617248535,4035700
1690761600000000000,6.575778607007296,6.582073370009164,6.487234115039378,6.496046543121338,4848100
1690848000000000000,6.4422540084344435,6.545536537487879,6.351881692910616,6.524019241333008,8029000
1690934400000000000,6.558447580259965,6.575661337278691,6.427622944835974,6.489592552185059,7107600
1691020800000000000,6.498198814273794,6.562750292330119,6.487009853105923,6.524019241333008,4353400
1691107200000000000,6.511111164068855,6.5433869136865415,6.439673832310746,6.455166339874268,3815900
1691366400000000000,6.468075642090708,6.504654929255242,6.377703309708235,6.493896484375,4344900
1691452800000000000,6.575660541598037,6.717674122420418,6.542524176208912,6.683246612548828,10434400
1691539200000000000,6.691855101515376,6.691855101515376,6.541234406367987,6.545537948608398,7128000
1691625600000000000,6.592875114599187,6.631606170612674,6.526171857247261,6.549840927124023,4327600
1691712000000000000,6.554144622680845,6.590723910907589,6.510679913114468,6.545537948608398,3769800
1691971200000000000,6.524019241333008,6.6229986394821,6.511109027803401,6.524019241333008,4633700
1692057600000000000,6.545536489871657,6.571357327151324,6.4616194869272405,6.485288143157959,6533500
1692144000000000000,6.468074321746826,6.506805372062817,6.429343271430835,6.468074321746826,5025200
1692230400000000000,6.330365717685617,6.33897239169851,6.141014374909864,6.188352108001709,15669800
1692316800000000000,5.822559318191536,5.861290377868668,5.684849248591406,5.783828258514404,19668200
1692576000000000000,5.7709184308447385,5.816104806981462,5.727884236399924,5.788132190704346,7225400
1692662400000000000,5.766613678466057,5.781676074290542,5.702062195137265,5.719275951385498,5582500
1692748800000000000,5.723580041861676,5.938752220800773,5.723580041861676,5.895717620849609,12893900
1692835200000000000,5.831165857157717,5.835469399032159,5.7192762308722775,5.766613960266113,5186300
1692921600000000000,5.796739394650957,5.826863372420602,5.699911736950788,5.745098114013672,8841100
1693180800000000000,5.774790461058453,5.798890049040708,5.730034611044986,5.7494001388549805,5165200
1693267200000000000,5.749399785462529,6.244295984042169,5.749399785462529,6.166833877563477,58284700
1693353600000000000,6.067854943832084,6.072158075027912,5.977482622186642,6.003303050994873,20488100
1693440000000000000,6.003303989745897,6.020517748445913,5.732186982414356,5.783828258514404,21074400
1693526400000000000,5.747235918958827,5.755845796485366,5.594406589891704,5.669744968414307,9380300
1693872000000000000,5.68696439733877,5.721404724105791,5.656829214057896,5.674049377441406,3843200
1693958400000000000,5.674049377441406,5.764024659272062,5.583643417037704,5.674049377441406,8771600
1694044800000000000,5.66113305109711,5.745081693547626,5.652523176048425,5.725708961486816,4175300
1694131200000000000,5.71709879201624,5.7429292388090545,5.69126875578445,5.738624095916748,4217600
1694390400000000000,5.678354385950531,5.69772712201732,5.506152743758067,5.519067764282227,10778900
1694476800000000000,5.76875983180407,5.88069109444077,5.721404487101341,5.760149955749512,8113200
1694563200000000000,5.777371148344151,5.850556955379419,5.760150982604154,5.781676292419434,6952400
1694649600000000000,5.897911548614502,5.945267306218846,5.869928936852821,5.897911548614502,7934800
1694736000000000000,5.841945648193359,5.867776097578206,5.796742874971207,5.841945648193359,3333800
1694995200000000000,6.0356733055045115,6.065377810637793,5.880691422272045,5.928047180175781,7375000
1695081600000000000,6.00984203505447,6.095942841461348,5.951723836769442,6.022757053375244,5751700
1695168000000000000,5.97540275704042,6.0485885579199925,5.923742264165621,5.9538774490356445,5086400
1695254400000000000,5.86777577555624,5.9065212422266375,5.824725165797789,5.884995937347412,3995600
1695340800000000000,5.884995380356592,5.9065206831985355,5.859164934834059,5.863470077514648,4323800
1695600000000000000,5.773064986676259,5.841945637494957,5.762302538946236,5.820420742034912,4015600
1695686400000000000,5.773064910044636,5.807935913547177,5.755844747568542,5.798895359039307,3805100
1695772800000000000,5.90652147715516,5.917283924742323,5.76014989082783,5.798895359039307,5163100
1695859200000000000,5.854861399488168,6.052893487103356,5.846251112366988,6.009842872619629,8374000
1695945600000000000,5.953876121741509,5.9797065677010925,5.878537765800484,5.945266246795654,4044500
1696204800000000000,6.275944201032134,6.340867596623314,6.094158198049373,6.176394939422607,9177100
1696291200000000000,6.063860768142226,6.089829961696375,6.00326529522773,6.007593631744385,4591400
1696377600000000000,6.0595317479462505,6.146096404648056,6.016249213208925,6.098485946655273,4880400
1696464000000000000,6.189379365914647,6.219676894654965,6.025771885171188,6.059532165527344,5868600
1696550400000000000,6.040055466785932,6.208856879800157,6.040055466785932,6.185051441192627,6931400
1696809600000000000,6.059533340780172,6.128785084345416,6.011922870272304,6.0898308753967285,4398100
1696896000000000000,6.046547669411972,6.098486467872088,6.016249727397247,6.033562660217285,5264500
1696982400000000000,5.977297386205119,5.9859536483257845,5.834465139870847,5.890732288360596,7125300
1697068800000000000,5.886403732834306,5.899388331010219,5.840957020059208,5.877747058868408,3723700
1697155200000000000,5.921029671834448,5.929685933127823,5.8651951147617805,5.895060062408447,3144100
1697414400000000000,6.466386811523713,6.665485758211747,6.122292301077374,6.284601211547852,33507800
1697500800000000000,6.236991990387077,6.320526929153018,6.20885862005245,6.293259143829346,4536200
1697587200000000000,6.254301792702053,6.272047721233491,6.202363003132313,6.22400426864624,3462000
1697673600000000000,6.293258071332422,6.394971516313474,6.275945135744734,6.358181476593018,5784700
1697760000000000000,6.5183250094088425,6.574591726355499,6.470714138922355,6.531309604644775,8098700
1698019200000000000,6.7520505410331495,6.9468207296265705,6.704439665233397,6.929508209228516,21067400
1698105600000000000,7.6003847934739595,7.625921401243074,7.334198287178094,7.435912132263184,36921600
1698192000000000000,7.604713157606358,7.769186644959443,7.561430617484715,7.678293228149414,16367400
1698278400000000000,7.565757448068476,7.600383308164269,7.440239014800837,7.479193210601807,13609500
1698364800000000000,7.51815009857469,7.53546262204921,7.336364061589671,7.40561580657959,12549300
1698624000000000000,7.613370108039064,7.669636834364532,7.487850819669131,7.587400913238525,10682400
1698710400000000000,7.5527734608593855,7.635009364737112,7.505162592422858,7.613368511199951,8504900
1698796800000000000,7.67445148815751,7.691902906302994,7.48684395812125,7.648273944854736,20233600
1698883200000000000,7.744258539805523,7.770436082144006,7.547924891844236,7.718080997467041,13341100
1698969600000000000,7.574103217158261,7.685358395501015,7.5610140299895,7.604643821716309,11172400
1699228800000000000,7.735533243232336,7.774799977028979,7.667907848936348,7.726807117462158,4749300
1699315200000000000,7.657000913059983,7.955864523815054,7.604645815000061,7.9144158363342285,18011400
1699401600000000000,7.783524711243795,7.8925987673630535,7.718080444006041,7.85769510269165,13128900
1699488000000000000,8.267814536752752,8.389976958100574,7.844606628028995,8.049666404724121,40294000
1699574400000000000,8.150014589533988,8.285266202430275,8.132562339008476,8.2241849899292,10866500
1699833600000000000,8.11074651472841,8.154376301647169,8.023486940890892,8.088932037353516,7669200
1699920000000000000,8.045303546063366,8.075844152174113,7.617732564005579,7.739895820617676,19778700
1700006400000000000,7.9493185129399775,8.350711153664681,7.914414841232141,8.289629936218262,18999800
1700092800000000000,8.040941346210229,8.112929806599741,7.803159817474767,7.901326656341553,13314700
1700179200000000000,7.979859086485811,8.132562113504267,7.879510313084859,8.019124984741211,13268900
1700438400000000000,8.154375625171241,8.315804741559045,8.088931366306754,8.267812728881836,12925800
1700524800000000000,8.12819971605569,8.263452168437293,7.966770550808056,8.102022171020508,20478700
1700611200000000000,8.023489845775373,8.289630893383428,7.94931943081096,8.28526782989502,14210300
1700784000000000000,8.267814354704221,8.498178723795254,8.267814354704221,8.337621688842773,13038000
1701043200000000000,8.023490901696674,8.117294698619219,8.006039477615635,8.027853965759277,10118300
1701129600000000000,8.189280628152316,8.477236080106495,8.163102254579002,8.394339561462402,15731400
1701216000000000000,8.328895035072893,8.337621159328291,8.193643437790286,8.215457916259766,11799900
1701302400000000000,8.22854804729573,8.254725590898142,8.16310294003604,8.232911109924316,5931100
1701388800000000000,8.372153009539613,8.54346206640568,8.35458334395277,8.464396476745605,14038300
1701648000000000000,9.083742013799675,9.184769889724992,8.97173215491092,9.114489555358887,21862800
1701734400000000000,9.19795084371612,9.615240363890633,9.1680813146044,9.566923141479492,28494300
1701820800000000000,9.645986004328366,9.66355650922014,9.527388447540035,9.544958114624023,12748900
1701907200000000000,9.47467530500061,9.593273668732907,9.386825316827016,9.435142517089844,9733700
1701993600000000000,9.501032154551098,9.71846253238564,9.501032154551098,9.703088760375977,17963600
1702252800000000000,9.101313585831814,9.154024266556704,8.736733960725529,8.872902870178223,25910300
1702339200000000000,9.083744481225265,9.083744481225265,8.83337061731078,8.956360816955566,9267000
1702425600000000000,9.009067378356582,9.358273091335809,8.991496879128878,9.338506698608398,17117400
1702512000000000000,9.250656825472994,9.452713398247248,9.184769122236371,9.32972240447998,13838000
1702598400000000000,9.167201874956993,9.189164169221314,9.048603475190887,9.175986289978027,10252000
1702857600000000000,9.01785430505741,9.131181197606413,8.932199362104027,9.114489555358887,9748100
1702944000000000000,9.268227962921584,9.281405001789174,9.061778750714293,9.167200088500977,15240600
1703030400000000000,9.586124158228403,9.654691570390987,9.40475316476695,9.453413963317871,19795200
1703116800000000000,9.533039898588216,9.548522727063231,9.415370402178093,9.502074241638184,12970800
1703203200000000000,9.409177098406033,9.568429166053011,9.409177098406033,9.484379768371582,10587400
1703548800000000000,9.245500792913775,9.254348364755295,9.019892773460386,9.134908676147461,16317700
1703635200000000000,9.303006793211,9.457835042191025,9.283100183520617,9.42686939239502,26937900
1703721600000000000,9.276467681832942,9.28531525484876,9.148181248107585,9.210112571716309,17059300
1703808000000000000,9.272042706105841,9.333974865522237,8.944690140265365,9.064129829406738,29153100
1704153600000000000,9.931170935071169,9.957712802867913,9.665749725851416,9.683444023132324,20878600
1704240000000000000,9.050858087148738,9.38042295383661,9.050858087148738,9.201263427734375,33315500
1704326400000000000,9.325127305698985,9.670175015747706,9.303009219718676,9.519769668579102,23038500
1704412800000000000,9.422445739588682,9.566215794227638,9.267617488439882,9.47110652923584,23857500
1704672000000000000,9.692289698234973,10.195705055878506,9.621510835451241,10.108116149902344,35638400
1704758400000000000,10.059456204472394,10.125811288398529,9.98336930032063,10.05060863494873,22852700
1704844800000000000,9.727680747127641,10.041762741237198,9.586122998022217,9.891357421875,61860100
1704931200000000000,10.24083001136486,10.541640708891062,9.727682648673422,9.878087997436523,88598800
1705017600000000000,9.780768797026314,9.800675415295403,9.192418666102245,9.31628131866455,45976300
1705363200000000000,9.143755385226681,9.28531314633069,8.971231969350024,9.249923706054688,24901100
1705449600000000000,9.081823960056399,9.187992279532725,9.015468022101745,9.148179054260254,17551800
1705536000000000000,9.088458313979208,9.165872442238966,8.665996548867282,8.723504066467285,25175200
1705622400000000000,8.767742551613845,8.999985819315356,8.60627816847373,8.887182235717773,19460600
1705881600000000000,8.65714968059988,8.719080988227837,8.40499982097088,8.577523231506348,26299600
1705968000000000000,8.285560547914464,8.471355323531776,8.232476808452846,8.369610786437988,18044800
1706054400000000000,8.542134144690896,8.590794941977721,8.431542037221437,8.45366096496582,14753200
1706140800000000000,8.542133512856028,8.568676224186008,8.444812769231708,8.502320289611816,13602700
1706227200000000000,8.789860049579246,9.024314750118007,8.769953438802304,8.980077743530273,18257500
1706486400000000000,8.953537607599534,9.252136826966344,8.918148164239492,9.218958854675293,14373200
1706572800000000000,9.254348873833466,9.333975337285578,9.232230786763852,9.298585891723633,16522500
1706659200000000000,9.11279060486562,9.351669138712356,9.06412980341035,9.077401161193848,18090600
1706745600000000000,9.048589701872533,9.244417145312536,9.035084035251755,9.1791410446167,14717100
1706832000000000000,9.111613850356079,9.28268218210229,9.110713987826992,9.161133766174316,8925500
1707091200000000000,9.246667413039455,9.26017221939736,9.01482488634239,9.026079177856445,7201000
1707177600000000000,9.152129888413956,9.262424010984013,9.134123192908147,9.192646026611328,6601900
1707264000000000000,9.197147981660917,9.462753396810061,9.149879439637964,9.431241035461426,9838700
1707350400000000000,9.611312424058106,9.791383676259828,9.57754868861202,9.714853286743164,12545400
1707436800000000000,10.034481411946713,10.300085996144391,9.993965269231508,10.147026062011719,20880200
1707696000000000000,10.29108132587482,10.76376843226989,10.282077549326036,10.723252296447754,18818700
1707782400000000000,10.46214860372623,10.570191344476125,10.331597280646209,10.547682762145996,15529000
1707868800000000000,11.042881185713783,11.13291638904627,10.945641929662266,11.05638599395752,16483000
1707955200000000000,11.204944895171268,11.303984735078783,11.020371740895019,11.05638599395752,17783700
1708041600000000000,11.168928850388056,11.216198247600737,11.024871861247696,11.078893661499023,13202800
1708387200000000000,11.164427001021359,11.1824345540503,10.82679310955522,11.101402282714844,13097100
1708473600000000000,10.85830606816967,10.96004633614197,10.793029977968974,10.849302291870117,9987000
1708560000000000000,10.88081821905401,11.103657032995944,10.862810660548636,11.074395179748535,11399900
1708646400000000000,10.889818465749828,10.925832712430235,10.770520575969984,10.871810913085938,9199800
1708905600000000000,10.934837068805077,11.713645731235749,10.934837068805077,11.614605903625488,24040300
1708992000000000000,12.096297709868239,12.258361399882403,11.965745521524756,12.123308181762695,23197800
1709078400000000000,12.794075281359273,13.649414411857974,12.60500024336293,12.807580947875977,72413900
1709164800000000000,13.455834892396334,13.521110980011965,12.812079509477673,13.158717155456543,40650100
1709251200000000000,13.258430711182632,13.466171103872606,12.990676916447258,13.387691497802734,27870800
1709510400000000000,13.867802994053129,14.46794056937046,13.867802994053129,14.375611305236816,40152400
1709596800000000000,14.357148226707302,14.762472333223892,12.667528944569579,13.138405799865723,84052700
1709683200000000000,14.15402521717819,14.347916009763534,13.858572916292832,14.232504844665527,23411600
1709769600000000000,14.315598366915475,14.479481979607643,14.15402258966923,14.361763000488281,18464400
1709856000000000000,14.491020812851165,14.961898421961454,14.057075609647898,14.68029499053955,45517100
1710115200000000000,15.372765108530826,15.478943157145725,15.118860926100902,15.312750816345215,24019400
1710201600000000000,15.335838382245676,15.529728322134368,14.560275100621151,15.137331008911133,34999700
1710288000000000000,15.423546331012583,15.598971775690147,15.215805904556841,15.534341812133789,17407900
1710374400000000000,15.37738167263384,15.42123671045541,14.491023158750387,14.666448593139648,42225300
1710460800000000000,14.361767287331803,14.948056283518376,14.274054545413813,14.62490463256836,28848200
1710720000000000000,14.384848667534824,14.509492946870983,14.07554668576586,14.135560989379883,21446900
1710806400000000000,13.47079032585603,13.918585296033086,13.149947451709439,13.581584930419922,24851900
1710892800000000000,13.401543627418684,13.967057582160248,13.115323575765537,13.90011978149414,23632200
1710979200000000000,14.287904502111264,14.301753280243991,13.690074551733021,13.757012367248535,20993500
1711065600000000000,13.530803906948853,13.563118890281192,13.21226974508673,13.461557388305664,14937900
1711324800000000000,14.12632722509097,15.02191814075464,14.121710672680853,14.994218826293945,19166000
1711411200000000000,14.888039556823834,14.971135732442358,14.611052598267843,14.638751029968262,14632200
1711497600000000000,15.105012815774783,15.123477262538003,14.380230009024686,14.431011199951172,24538300
1711584000000000000,15.003448728518853,15.118859872584384,14.841873831240834,14.91111946105957,16802000
1711929600000000000,14.717285056309116,14.755573891485213,14.296107869372047,14.664637565612793,13986500
1712016000000000000,13.606907356484877,13.932362898362722,13.544687431367041,13.836640357971191,16507300
1712102400000000000,13.803137197469372,14.068766369329527,13.774420801637339,13.827067375183105,8646400
1712188800000000000,14.133379048354774,14.57848638209073,14.10466173943418,14.372684478759766,12002100
1712275200000000000,14.028085361014284,14.41097463249726,14.028085361014284,14.123807907104492,11770500
1712534400000000000,15.172922367362109,15.186323413940286,14.951804185944335,15.071456909179688,11915100
1712620800000000000,14.817791143645051,14.899155022825228,14.305677691754772,14.463619232177734,10698500
1712707200000000000,14.176457645186026,14.702928993474838,14.133382583907414,14.693357467651367,17122700
1712793600000000000,14.865654477004597,14.887192004278482,14.576095098116232,14.789076805114746,10287300
1712880000000000000,14.712497648114956,14.755572698314644,13.66433961471881,14.013726234436035,24975500
1713139200000000000,13.895032181439202,13.958688069845637,13.056506366414224,13.247950553894043,14721800
1713225600000000000,13.247948436211935,13.286237267587437,12.927279131112956,13.142653465270996,10160000
1713312000000000000,13.051719938784895,13.190516630157754,12.472600253936951,12.750194549560547,14154800
1713398400000000000,13.085222324817003,13.441786940802954,12.946424723028526,13.291025161743164,9383100
1713484800000000000,13.54468573447918,13.635622045170788,13.286236368405246,13.44896411895752,10218300
1713744000000000000,13.803136220597366,13.985007931832548,13.726558561879637,13.894072532653809,9818200
1713830400000000000,13.831853969359456,14.042443007901271,13.807923790995112,13.884501457214355,5901400
1713916800000000000,13.774422531105236,13.84621398613808,13.286239176277276,13.329314231872559,9897900
1714003200000000000,13.171373005253322,13.535117421393277,13.094795329526795,13.506400108337402,7936000
1714089600000000000,13.291024244590476,13.520278897995015,13.180943962209598,13.257521629333496,7664400
1714348800000000000,13.013429806594617,13.171371357127182,12.831557164843307,13.11872386932373,5918800
1714435200000000000,12.702334293298561,12.79805592986058,12.242867334016058,12.25722599029541,13204900
1714521600000000000,11.991374527600978,12.36530438548181,11.750625367802414,11.812092781066895,20276100
1714608000000000000,12.21675813696349,12.411406261285599,12.114311138684284,12.360182762145996,7672900
1714694400000000000,12.744357798333684,12.964618165190705,12.734113879903848,12.918517112731934,8522100
1714953600000000000,13.220733720058922,13.37440420932725,13.044013683257619,13.143898963928223,7638100
1715040000000000000,13.24635014792962,13.400019708812192,13.072190791192178,13.118291854858398,5992900
1715126400000000000,12.887783403428418,13.072187613263507,12.836559903251228,12.918517112731934,5703500
1715212800000000000,12.739235545870306,13.059381181073041,12.647033446610807,12.990229606628418,7056200
1715299200000000000,13.061943528700333,13.13724146312082,12.50873184185919,12.62142276763916,10976400
1715558400000000000,13.082431027510443,13.215610745082758,13.015840191717391,13.154143333435059,5842500
1715644800000000000,12.887783926285131,12.959496243238362,12.703379708968773,12.795581817626953,4944300
1715731200000000000,13.374405927310933,13.845147467617055,13.31293752830641,13.748335838317871,14411500
1715817600000000000,13.748335416406057,13.830292627892264,13.440995384829268,13.569053649902344,6815800
1715904000000000000,13.799558994920819,14.060797974370015,13.68686709574252,13.942983627319336,9684700
1716163200000000000,13.93273777649164,14.608885169770145,13.876391834716133,14.583272933959961,9396700
1716249600000000000,14.772800337304838,14.836829464641628,14.380942390645904,14.398870468139648,7868900
1716336000000000000,14.506438591071046,14.711331598316443,14.388625234030808,14.480827331542969,6222100
1716422400000000000,14.39887026646054,14.42960397358978,13.850781100455588,13.932738304138184,7309300
1716508800000000000,14.024939716605665,14.419359378143445,13.912248803454995,14.37838077545166,5615700
1716854400000000000,14.199101711738244,14.232397138046453,13.948107600584592,14.193979263305664,4803400
1716940800000000000,14.075650198979893,14.101774385961733,13.919930934313548,13.948103904724121,3841900
1717027200000000000,14.16324138730238,14.450091576174968,14.12226278889201,14.275933265686035,7574600
1717113600000000000,14.240080071620113,14.270814761674787,13.773948019535903,13.973719596862793,10617900
1717372800000000000,14.482010792561749,14.591556387367444,14.238270616579912,14.328645706176758,9669700
1717459200000000000,14.383421509025217,14.758617090374456,14.334125617202472,14.607991218566895,7516300
1717545600000000000,14.739446677101933,14.903765621096667,14.5751277331072,14.772310256958008,6188200
1717632000000000000,14.7394451639887,14.868162318556571,14.586080065880475,14.591557502746582,4764000
1717718400000000000,14.810649666407196,14.876376814347777,14.125985781193421,14.328645706176758,8724100
1717977600000000000,14.323168779967482,14.53678463016952,14.301260078111556,14.366987228393555,4962200
1718064000000000000,13.879506606064348,13.989053247489785,13.654936931384983,13.928802490234375,6791000
1718150400000000000,14.328645998939002,14.49844235342132,13.890461521334894,13.961666107177734,8419700
1718236800000000000,14.076692062749704,14.131464346218948,13.665893668444335,13.764484405517578,7856000
1718323200000000000,13.912919347315986,13.92880422868664,13.430368932948237,13.523483276367188,7119500
1718582400000000000,13.561822076947243,13.910726309085755,13.424889302799611,13.780914306640625,6331000
1718668800000000000,13.38107155727835,13.487878959549954,13.205797764349132,13.266047477722168,6669300
1718841600000000000,13.479661470209432,13.52293143751969,13.30712589699836,13.408455848693848,6318600
1718928000000000000,13.118160793980142,13.282479712747,13.063387472819787,13.255093574523926,6024900
1719187200000000000,12.614249060609009,12.718317229389854,12.1486773630932,12.197973251342773,16587800
1719273600000000000,12.63615851730186,12.868944902296652,12.564953921537105,12.773091316223145,12954200
1719360000000000000,12.68545285390608,12.773089750898775,12.499224186618049,12.55947494506836,5496800
1719446400000000000,12.695860347792188,12.863465940079665,12.630679582680438,12.647111892700195,5218300
1719532800000000000,12.64711270730166,12.732011414134073,12.312996361712363,12.329428672790527,10778500
1719792000000000000,12.970931967590358,13.152876850546084,12.859416856344769,13.000277519226074,12910800
1719878400000000000,12.92984807189449,12.98853917663834,12.689210960169293,12.730295181274414,5981600
1719964800000000000,12.378141476552686,12.51900212613767,12.301841258364407,12.419225692749023,4561700
1720137600000000000,11.418529113861704,11.735466466708855,11.377444890965469,11.597539901733398,19552100
1720396800000000000,11.773615033480917,11.808831039932363,11.304079475405725,11.603408813476562,13741800
1720483200000000000,11.76774328535766,11.996642802497536,11.714920405976216,11.902735710144043,8911700
1720569600000000000,11.932084199268756,11.935018306864261,11.785354191348844,11.791223526000977,7173600
1720656000000000000,12.09055287649293,12.13457120719223,11.753073410492686,11.791223526000977,7814900
1720742400000000000,11.84404602132472,12.046533022459602,11.823503910461518,11.867522239685059,8204500
1721001600000000000,12.923978901040659,13.152877346928658,12.847678672770606,13.035492897033691,13611400
1721088000000000000,13.141137603510487,13.4199248096191,12.96506206252662,13.411121368408203,10319900
1721174400000000000,13.323085187773293,13.449273084338886,13.117662952471548,13.276131629943848,7465800
1721260800000000000,13.323084255501351,13.358299141544022,12.982670705192753,13.041361808776855,7094200
1721347200000000000,13.176356192598423,13.880659614185696,13.170486857485878,13.816099166870117,11495400
1721606400000000000,13.880657513086483,14.018584068700484,13.663497744099585,14.01564884185791,6905700
1721692800000000000,13.669366537820112,13.82783407776094,13.428728321990866,13.452205657958984,9498000
1721779200000000000,13.698710539900508,13.786748300907716,13.452204137403807,13.475680351257324,6301600
1721865600000000000,13.188091986360192,13.364168657894853,12.98853909696421,13.246784210205078,6464400
1721952000000000000,13.833704874870369,13.99217355103258,13.710452206384945,13.945219993591309,6837200
1722211200000000000,14.2915028372773,14.297372171864534,13.596002920875842,13.75153636932373,11833800
1722297600000000000,13.616545262996032,13.692844375001133,13.387645688058479,13.469815254211426,6819200
1722384000000000000,13.557850131782118,13.666430001578076,13.269671793529932,13.31721305847168,8494300
1722470400000000000,13.189953997990102,13.271450332385381,12.704106372994469,12.920387268066406,9110800
1722556800000000000,13.240105324375593,13.396830049733797,12.732316353300382,12.757392883300781,12462600
1722816000000000000,10.143225045699642,11.340601926054562,10.124417647032688,10.914310455322266,24236000
1722902400000000000,11.252836558785537,11.66032063453531,11.10237975951915,11.597630500793457,10242000
1722988800000000000,11.68539530543446,11.741816303018986,11.155666156685053,11.15880012512207,11338200
1723075200000000000,11.80450727221183,12.240201854526134,11.578823265832963,12.161839485168457,11706600
1723161600000000000,12.321698225119084,12.475287784961314,12.15556920467689,12.41259765625,9686700
1723420800000000000,12.14303375073565,12.393793103221395,11.804507728093713,12.036460876464844,10249100
1723507200000000000,12.011382745641196,12.575591512613514,12.005740167728424,12.41259765625,5557400
1723593600000000000,12.387521977346728,12.4314047075086,11.970633649379495,11.998844146728516,5277500
1723680000000000000,12.055264744575265,12.21198945897395,11.560015268847055,11.635242462158203,8251000
1723766400000000000,11.954961650927421,12.224528365165952,11.766892462056918,12.193183898925781,5604900
1724025600000000000,11.97377073941468,12.096642403632478,11.844002191592288,12.036460876464844,4837800
1724112000000000000,12.337369739759673,12.440807429750919,11.93615485252023,12.1304931640625,7658100
1724198400000000000,12.130493212567945,12.56932169831213,12.005112961946928,12.556784629821777,6895000
1724284800000000000,12.393791911570315,12.4251363792242,12.243336314545028,12.287219047546387,4497600
1724371200000000000,12.443944815317495,13.020064166230556,12.381254679065325,12.970540046691895,11118100
1724630400000000000,13.008151760632009,13.02069002520415,12.83888877605225,12.901578903198242,5369900
1724716800000000000,12.694703142983345,12.70724140836772,12.494095679692544,12.644551277160645,6388800
1724803200000000000,12.168106542305395,12.211989270344855,11.766891662270714,11.97376823425293,10751500
1724889600000000000,12.249606228353393,12.437675437699127,11.96750121861992,12.042728424072266,9660200
1724976000000000000,12.099149572027896,12.168108840953785,11.723011148797301,11.911080360412598,8959200
1725321600000000000,12.010837541546195,12.010837541546195,11.656001869600574,11.776512145996094,9803200
1725408000000000000,11.455150275132384,11.890325204614168,11.381504835215154,11.796595573425293,7811900
1725494400000000000,11.48192993654228,11.622525664141664,11.307859704594248,11.361419677734375,8055700
1725580800000000000,11.52209885062862,11.548879473948787,10.785649586909658,10.83920955657959,10673700
1725840000000000000,11.26099423049466,11.629220141691501,11.127094943944329,11.609134674072266,9166400
1725926400000000000,11.562272222168803,11.787224652975727,11.46854129776636,11.776512145996094,5701900
1726012800000000000,11.52879477718126,11.783205607849103,11.260994910928652,11.69616985321045,7489800
1726099200000000000,11.70956010324481,11.897020647105972,11.629220782283229,11.8501558303833,6246800
1726185600000000000,11.716256851639125,12.194949733735177,11.706214754396902,12.13134765625,8726400
1726444800000000000,11.870242299045795,11.880285673820339,11.656002366092865,11.74973201751709,6066400
1726531200000000000,12.030920682651823,12.466096926406058,11.957276513392488,12.171516418457031,10714200
1726617600000000000,12.144735429882964,12.446011085507507,12.004140975238526,12.178211212158203,8646600
1726704000000000000,12.834321022033691,12.968221595116676,12.713810761653107,12.834321022033691,8260500
1726790400000000000,12.760676787243629,12.894577373003498,12.652218564209345,12.74728775024414,5758700
1727049600000000000,12.841017723083496,12.944789466583957,12.780762585644865,12.841017723083496,4845600
1727136000000000000,12.874491442336875,13.068647157058876,12.707116354598838,13.055256843566895,6002100
1727222400000000000,12.881186339304783,12.981611134528197,12.760676074248464,12.807540893554688,4234400
1727308800000000000,13.06195214407653,13.363226539138562,13.008392166489683,13.128902435302734,8027500
1727395200000000000,13.309666633605957,13.510517508371915,13.252759715786494,13.309666633605957,11135500
1727654400000000000,12.948134433964915,12.981608934375869,12.753978756064441,12.847709655761719,7937500
1727740800000000000,12.820025497511118,12.841321708979095,12.337322202469023,12.486392974853516,11245200
1727827200000000000,12.308927975815227,12.62836436170574,12.138562354655487,12.166955947875977,7711100
1727913600000000000,12.23084483082074,12.351520664228746,12.110168997412734,12.337323188781738,6171100
1728000000000000000,12.436702850911901,12.646820320366581,12.28053334536202,12.614167213439941,5808800
1728259200000000000,12.756139377084773,13.054279595020692,12.678055969159367,12.798731803894043,6430700
1728345600000000000,12.649659377596409,12.79163140732536,12.489941182637743,12.578673362731934,6843100
1728432000000000000,12.500590749956146,12.614167839293582,12.26988652564502,12.316027641296387,5583900
1728518400000000000,12.337322189513847,12.344420926662385,11.879465151971347,12.060478210449219,8612900
1728604800000000000,12.408310118434118,12.830676243186698,12.408310118434118,12.763238906860352,8007200
1728864000000000000,13.089773178017438,13.41630699056922,13.068476964785276,13.324026107788086,9677500
1728950400000000000,13.3240243552406,13.75703646910629,13.098998595584305,13.544079780578613,11406900
1729036800000000000,13.735745542257263,13.820927700459713,13.572478610747575,13.678956985473633,6649900
1729123200000000000,13.53698346956818,13.678955523324804,13.458898704607451,13.494392395019531,6041500
1729209600000000000,13.693152653362395,13.959349231967924,13.678955177556437,13.856419563293457,10171100
1729468800000000000,13.714449325733655,13.714449325733655,13.48019635975793,13.678956985473633,8824200
1729555200000000000,13.55118155719888,13.664758663750746,13.437604450647015,13.622167587280273,6108100
1729641600000000000,13.423405498399582,13.50149025830097,13.146561500852128,13.395011901855469,9757100
1729728000000000000,13.622166038334163,13.781884249369618,13.571765407589492,13.771235466003418,8008600
1729814400000000000,13.721545462164288,13.896170613489918,13.281433215102778,13.458897590637207,15190400
1730073600000000000,13.913208086002847,14.11906606901286,13.799630987663706,14.048081398010254,12549900
1730160000000000000,14.38171160686132,14.892808465934452,14.317824330233979,14.651456832885742,17098600
1730246400000000000,14.516587117777366,14.6514590744512,14.42430488011022,14.52368450164795,11475900
1730332800000000000,14.537881875162482,14.544980612928999,14.083573489671712,14.111967086791992,11742000
1730419200000000000,14.129902061872084,14.458678608861659,13.857167473817015,13.95804214477539,14770500
1730678400000000000,13.793652389411129,13.845958879929123,13.517182351275281,13.539599418640137,11505500
1730764800000000000,13.958041029612296,14.20462306385251,13.84595854590422,13.995401382446289,12813300
1730851200000000000,14.981731525263365,15.433799836234826,14.81734395549593,15.347869873046875,23669800
1730937600000000000,15.123700321536296,15.519726588615265,15.034034911197738,15.4450044631958,12460000
1731024000000000000,15.370283288734461,15.601920609180787,15.259695847461137,15.467422485351562,10982500
1731283200000000000,16.506055971828072,17.653036199221308,16.468695618737563,17.567106246948242,30678900
1731369600000000000,17.38030101170104,18.14619962441104,17.193496402493427,18.075214385986328,23886500
1731456000000000000,18.120047093138457,18.852320819182847,18.00049225726207,18.075214385986328,24749200
1731542400000000000,18.374100305309472,18.493655133570623,17.59774072954191,17.619409561157227,16020000
1731628800000000000,17.97060314985072,18.44135157139889,17.660508234252177,18.426406860351562,13371400
1731888000000000000,18.187297812325276,18.672989536482927,18.045325902886347,18.433879852294922,17070100
1731974400000000000,18.44882188468573,18.97934624128336,18.359155053533748,18.643098831176758,19092200
1732060800000000000,19.04660018939061,19.143739396562754,18.762657774623456,18.994295120239258,15902600
1732147200000000000,19.577123485890915,19.9544681669103,19.21845755542179,19.74898338317871,20992500
1732233600000000000,19.63689887411928,20.07028546282665,19.51734405138662,19.94325828552246,14760000
1732492800000000000,19.562180878504762,19.58459652174002,18.94348318645861,19.039127349853516,12801800
1732579200000000000,18.508601506610894,19.046598282131136,18.205977518702326,18.23213005065918,11759800
1732665600000000000,19.009238386485656,19.565915351759912,18.94198860977779,19.420207977294922,11259500
1732838400000000000,19.577121725687583,19.913369134687017,19.50987195884651,19.53228759765625,10483700
1733097600000000000,19.24953087622503,19.57579416164109,18.923267590808972,19.18738555908203,12870900
1733184000000000000,18.868889793114775,19.327988432949557,18.75236603214617,19.164079666137695,6279500
1733270400000000000,19.2184557655813,19.909822542444445,18.96132977956699,19.84767723083496,9010900
1733356800000000000,20.62449503558618,20.801609846164105,19.571908137840992,19.801069259643555,17151700
1733443200000000000,19.87875078258155,20.44582694065055,19.746691809173324,20.290464401245117,10001600
1733702400000000000,19.81660496202578,20.111794816484796,19.19515037536621,19.19515037536621,10072000
1733788800000000000,19.606864478476215,19.661241441328794,18.841699119779232,19.2728328704834,7720500
1733875200000000000,19.723387795082235,20.348725864236133,19.692315878237327,20.267160415649414,9415100
1733961600000000000,20.274926958481057,20.51573984879857,19.82437309192197,19.94866371154785,6421300
1734048000000000000,20.072956119969877,20.391451046351424,19.917592090761772,20.267160415649414,6329900
1734307200000000000,20.83423345178922,21.556673559497597,20.79539319119325,21.12165641784668,11282000
1734393600000000000,21.54114214275113,21.657664434761905,21.10612489446896,21.300329208374023,7843400
1734480000000000000,20.865306808377365,20.958524026305806,19.948662436002223,20.041879653930664,12002000
1734566400000000000,20.422523150514202,20.519625292199812,19.039788119513165,19.202919006347656,14276200
1734652800000000000,18.962106109832458,19.50976212967284,18.915497496688474,19.202919006347656,12078000
1734912000000000000,19.001999978297235,19.03453684185395,18.36344832188682,18.497665405273438,12744000
1734998400000000000,19.286700547329563,19.774765841826706,19.21349222709595,19.72595977783203,8575500
1735171200000000000,19.010132787612644,19.21349320807633,18.904384500122074,18.97759437561035,6901600
1735257600000000000,19.148418281384817,19.148418281384817,18.4976639932391,18.757965087890625,11061200
1735516800000000000,18.400050564107296,18.814904434826197,18.0502704109566,18.70102310180664,9958000
1735603200000000000,18.993866350966787,19.09147849817201,18.473262543642882,18.53020477294922,6930500
1735776000000000000,19.164687867124634,19.445326273679363,19.03453730668539,19.311107635498047,9496000
1735862400000000000,19.25416636474165,19.67715644886721,19.1728218790995,19.522602081298828,6321900
1736121600000000000,19.636482621987472,20.401118273121604,19.603945759980142,20.279102325439453,8698800
1736208000000000000,19.994398860710497,20.01066806865048,19.010135053097226,19.067075729370117,10424000
1736294400000000000,18.879980655282488,19.01013275152772,18.27803399803462,18.579008102416992,7174400
1736467200000000000,18.70102608160905,18.97759640716795,18.245499125430822,18.749832153320312,7436500
1736726400000000000,17.98519777999823,18.54647147636702,17.64761870543479,18.497665405273438,9902700
1736812800000000000,19.140285613582996,19.246032362158783,18.84744607673148,19.067075729370117,5864900
1736899200000000000,19.522600546295532,19.953725200238974,19.510399417439505,19.701557159423828,6677700
1736985600000000000,19.677158693572625,19.913056022176526,19.22976474726209,19.856115341186523,6639300
1737072000000000000,20.360448114277723,21.011200911353093,20.26283441895789,20.734630584716797,10435500
1737417600000000000,20.791571727093434,21.230831038614273,20.3018803526691,20.994932174682617,11430300
1737504000000000000,20.669555786806356,20.7834371410698,20.409254661908715,20.596345901489258,7682400
1737590400000000000,20.222161774657398,21.125081034137967,20.19775796436772,20.36044692993164,20562300
1737676800000000000,20.824108836638942,21.198291291993378,20.677689075320426,20.693958282470703,9664300
1737936000000000000,19.87238335185256,20.197759760396618,19.477863583764517,19.969995498657227,13549400
1738022400000000000,20.254698622420833,20.490597467168655,19.96186065673828,19.96186065673828,7463400
1738108800000000000,20.16522064409457,20.71022509786444,20.00253168222627,20.58820915222168,7516100
1738195200000000000,20.718358754484765,21.0437366633548,20.677687291634438,20.710224151611328,8132600
1738281600000000000,20.653283775559757,20.942056751348108,19.97812724266976,20.002531051635742,8941000
1738540800000000000,18.672301310469763,20.152216500969338,18.613104960926506,19.949256896972656,14315200
1738627200000000000,19.54333349013114,19.873142574144445,19.28963282990773,19.45030975341797,11297800
1738713600000000000,19.450310460891036,19.543334200987793,18.985194986365784,19.196611404418945,6903100
1738800000000000000,19.357287749110007,19.49259413481356,18.81606220629579,19.069761276245117,8666700
1738886400000000000,19.653272867104278,19.746296620636066,18.803379453494898,18.841434478759766,11142500
1739145600000000000,19.238896533153945,19.293865260597208,19.052850641857596,19.16278648376465,5097500
1739232000000000000,19.061307225376165,19.15010174408942,18.6384743404794,18.723039627075195,5096600
1739318400000000000,18.621557941910915,19.21944256099695,18.570816841724476,19.078216552734375,6856500
1739404800000000000,18.858345492576255,18.968282942836197,18.70612701318307,18.92599868774414,7133100
1739491200000000000,19.00210850499326,19.484139329358758,18.921770840755368,19.12895965576172,5848300
1739836800000000000,18.94291010630619,18.98096512481199,18.29174717319767,18.477794647216797,7775900
1739923200000000000,18.93445574420583,18.997881321042392,18.72303930538985,18.875259399414062,5396800
1740009600000000000,19.213526683118115,19.412258665248274,19.002110229951402,19.348833084106445,5232500
1740096000000000000,19.458767897766297,19.522191857306638,18.553905859297856,18.570817947387695,10244200
1740355200000000000,18.714582510990283,18.799149409368823,18.367859679319757,18.4439697265625,7418600
1740441600000000000,17.471455156479678,17.479912007968252,16.811835257186342,17.268495559692383,20330100
1740528000000000000,16.794922649155954,17.33614822389486,16.109932216525152,16.549678802490234,17915100
1740614400000000000,16.9133178620684,16.946298457688147,16.194501530334556,16.346721649169922,10656900
1740700800000000000,16.067648889345282,16.718811889344323,15.898515097949895,16.524309158325195,11229700
1740960000000000000,18.271565466375467,18.289126239213758,16.664791594796075,16.866735458374023,19396800
1741046400000000000,16.21700027234746,17.42866667892298,15.9623757910561,17.0159969329834,14177300
1741132800000000000,17.59548950028243,17.753531405189793,17.156480301269642,17.727191925048828,9924000
1741219200000000000,17.613050333656997,17.933526879600688,17.191601862938228,17.44622802734375,8171500
1741305600000000000,17.455007234851728,17.856262336838803,16.928197468815508,17.024778366088867,14626500
1741564800000000000,16.18187994811896,16.23456058505624,15.128257161249879,15.426783561706543,13205100
1741651200000000000,15.944817754459024,16.37504667053025,15.46629754709726,16.23456382751465,5885900
1741737600000000000,16.313584584305193,16.40138677420121,15.756042604356105,16.22578239440918,5895400
1741824000000000000,16.217000833554405,16.26090276266688,15.619949669810982,15.672630310058594,5185000
1741910400000000000,16.322362928447813,16.708691510838896,16.181880112066924,16.568208694458008,5039100
1742169600000000000,16.208221094436997,16.58576932643159,16.120420582083543,16.53308868408203,7013700
1742256000000000000,16.10286035778514,16.120421130728467,15.84823417416934,16.094079971313477,3797200
1742342400000000000,16.41894754300546,16.827226302435307,16.353095481928072,16.71747398376465,7030500
1742428800000000000,16.6472287762983,16.92819608312249,16.3434354820267,16.454065322875977,4199200
1742515200000000000,16.357483472403814,16.50674668032396,16.247731162894514,16.410165786743164,2645900
1742774400000000000,17.051119348690666,17.358426158839062,17.0467299930501,17.253063201904297,3976200
1742860800000000000,17.11258019019072,17.266234430942177,17.009851517629375,17.235502243041992,3410900
1742947200000000000,17.112582689724327,17.182824112282997,16.761375576930977,16.9106388092041,2903800
1743033600000000000,16.85795501770978,17.11257949900114,16.7525920661734,17.0159969329834,4368200
1743120000000000000,16.638451474487844,16.691132116302377,16.278464018494958,16.383825302124023,4530300
1743379200000000000,16.094080832498136,16.38382690281725,15.918476443043343,16.08530044555664,4605500
1743465600000000000,16.319068984651576,16.708685762186313,16.07723994315708,16.56089973449707,6223200
1743552000000000000,16.525072145939163,17.071428360530817,16.48476702525733,16.954992294311523,5779300
1743638400000000000,15.978715871652522,16.13814431082876,15.8264522565165,15.969758987426758,6826400
1743724800000000000,16.10410696487254,16.52507193286621,15.9384088968063,16.399677276611328,12262000
1743984000000000000,14.966608208078577,15.83540707265253,14.760605022842784,15.22635269165039,16304400
1744070400000000000,15.620447986425619,15.67418757978951,14.850173078689398,14.948697090148926,8147200
1744156800000000000,14.939739515183142,16.198151709296372,14.939739515183142,16.068281173706055,15029900
1744243200000000000,15.924975188648869,15.942887247527903,15.271136351564353,15.504010200500488,7597200
1744329600000000000,16.005584759469947,16.435504904795465,15.844364277885179,16.36385154724121,5920300
1744588800000000000,16.542984112499955,16.735552831540183,16.319067156253254,16.578811645507812,4379500
1744675200000000000,16.740032154506526,16.8743819868024,16.354894715801088,16.381765365600586,4074100
1744761600000000000,16.319067139524705,16.6818132232788,16.242936194487253,16.435504913330078,4757000
1744848000000000000,16.498201404590937,16.67733565292862,16.319067156253254,16.578811645507812,3402100
1745193600000000000,17.008731971206455,17.28549334571836,16.838554604322695,17.053516387939453,5940300
1745280000000000000,17.474481605815637,17.904401804339866,17.44761095277624,17.841705322265625,7837700
1745366400000000000,18.33432205117818,18.450759839638042,17.913358735891105,18.217885971069336,7581800
1745452800000000000,18.074577275968068,18.262666702270508,18.038749742376652,18.262666702270508,3744200
1745539200000000000,18.388061492243278,18.701543871643118,18.334320191474013,18.585107803344727,5001900
1745798400000000000,18.531368249015152,18.55823719110417,18.191013510180284,18.459714889526367,5302000
1745884800000000000,18.477626833337737,18.59406460950289,18.414930357718426,18.558237075805664,4661200
1745971200000000000,18.405975442219333,18.41493232660129,18.061144789444604,18.29849624633789,6443600
1746057600000000000,18.827617356387847,18.999697990520232,18.661979960948063,18.790809631347656,4765300
1746144000000000000,18.864425803716394,19.064111781902355,18.818415711142194,18.83681869506836,4383500
1746403200000000000,18.29389249368036,18.44112866188754,18.178865498798846,18.3030948638916,4439100
1746489600000000000,18.19267136867722,18.505544959881544,18.128256527283295,18.45033073425293,3867300
1746576000000000000,18.800012004639026,18.965651155279964,18.614128692981133,18.698787689208984,3994600
1746662400000000000,19.32453519740123,19.775440808053204,19.260120360904182,19.6926212310791,6815400
1746748800000000000,20.00549419268118,20.166533034219785,19.876664523588378,20.05150604248047,5364000
1747008000000000000,20.19874060760818,20.299963167603753,19.549988439391164,19.747833251953125,7820300
1747094400000000000,20.16193110057035,20.40118745553866,19.97788721054161,20.364377975463867,6333600
1747180800000000000,20.21714476791169,20.281561361873713,19.91715415711631,20.04230499267578,6374100
1747267200000000000,19.922675347136533,20.235548916528554,19.674216614647694,20.03310203552246,6510900
1747353600000000000,20.097516709908717,20.31836832972201,20.065309291717572,20.217144012451172,5290100
1747612800000000000,19.88586815839942,20.502412943544716,19.86746341730906,20.47480583190918,6250600
1747699200000000000,20.290761614837493,20.824486811923364,20.207942036395487,20.77847671508789,6193500
1747785600000000000,20.649646151876134,21.321403365755575,20.59443193184055,21.07294464111328,12289700
1747872000000000000,21.625076155553682,21.744703464138183,21.438273120610116,21.56066131591797,12543800
1747958400000000000,21.072945961891296,21.34901181385422,20.95791896236659,21.063743591308594,10563900
1748304000000000000,21.422627818964152,21.477840284183607,21.08582774422845,21.32140350341797,7258100
1748390400000000000,21.100553112943864,21.155765581370204,20.714062323614023,20.723264694213867,6964800
1748476800000000000,21.008530435150437,21.01313074270481,20.428795148802884,20.46560287475586,8381200
1748563200000000000,20.46560318790881,20.539220396113876,20.05150704994505,20.25395393371582,9787800
1748822400000000000,20.087202586588468,20.265519367950578,20.02937046477238,20.19322967529297,5666400
1748908800000000000,20.395642852744007,20.675168143042526,20.31178563334445,20.540224075317383,5316800
1748995200000000000,20.29925537109375,20.420705219558233,20.125757163387387,20.29925537109375,4840200
1749081600000000000,20.46311386226207,20.472752855510777,19.637070709192596,19.692012786865234,10542800
1749168000000000000,20.106480241808406,20.395642684570856,20.0920208327553,20.1643123626709,7249800
1749427200000000000,20.81010963623571,21.04143995186064,20.675167411733646,21.002885818481445,8418400
1749513600000000000,21.195660050632352,21.335422690101836,20.92577376459989,21.176382064819336,5924700
1749600000000000000,21.205299839590225,21.34506248430643,20.94505253669453,21.012523651123047,6237600
1749686400000000000,20.626972198486328,20.954690601286615,20.559501087048016,20.626972198486328,6131400
1749772800000000000,20.260701235186804,20.487211149958963,20.10166059863929,20.29925537109375,8105500
1750032000000000000,20.588418719067324,21.041440366282394,20.55950173962595,20.98360824584961,6062200
1750118400000000000,20.38600354032832,20.414920519770334,19.942620886250573,20.212505340576172,8460400
1750204800000000000,20.067923487171143,20.33780977143244,19.966716819991873,20.029369354248047,5926000
1750377600000000000,20.453475432583463,20.477573835594225,19.740206458575656,19.923343658447266,6255100
1750636800000000000,19.51851439143484,19.94262089791596,19.219712957492444,19.91370391845703,9184300
1750723200000000000,20.27997824678149,20.520947559570526,20.21347048113012,20.386003494262695,5871200
1750809600000000000,20.81010975858286,20.87758087123057,20.608659768406152,20.781192779541016,4358100
1750896000000000000,20.66552902032918,20.790832255521416,20.549862939924832,20.761917114257812,5441400
1750982400000000000,20.578780713342265,20.77155507018467,20.506489180495084,20.598058700561523,5838100
1751241600000000000,20.761916780885006,20.78312146259783,20.540223616873877,20.732999801635742,8683900
1751328000000000000,20.510000228881836,20.635000228881836,20.260000228881836,20.270000457763672,6630300
1751414400000000000,20.690000534057617,21.170000076293945,20.674999237060547,21.1299991607666,11261400
1751500800000000000,21.06999969482422,21.309999465942383,21.0049991607666,21.06999969482422,5786300
