Date,Open,High,Low,Close,Volume,ticker
,BITO,BITO,BITO,BITO,BITO,
1634688000000000000,15.460534490098212,16.094042704623874,15.41659070637496,15.848694801330566,29871900,BITO
1634774400000000000,15.617995792024935,15.669262141384586,14.797730011560763,14.951530456542969,20499700,BITO
1634860800000000000,15.108990886919582,15.124738177385884,14.244784112095477,14.468158721923828,11914400,BITO
1635120000000000000,14.980822473143967,15.12693154500681,14.841669978343859,14.859980583190918,7522900,BITO
1635206400000000000,14.812379012053723,14.885617257974188,14.643932024269006,14.669565200805664,6142400,BITO
1635292800000000000,13.940844663250278,14.04154741043091,13.732116602642364,13.937183380126953,6527000,BITO
1635379200000000000,14.534071853255853,14.604746771293069,13.673526429731114,14.490129470825195,7176600,BITO
1635465600000000000,14.442525627649818,14.911249535127327,14.407738545535906,14.790406227111816,7049000,BITO
1635724800000000000,14.60364925195405,14.665900845892363,14.14224933316282,14.475481986999512,6042100,BITO
1635811200000000000,14.922233845273531,15.167580332461434,14.856319571750744,15.006457328796387,6106400,BITO
1635897600000000000,14.709843454021964,14.925895489820324,14.321683163772967,14.794068336486816,5160000,BITO
1635984000000000000,14.583507468798976,14.720828628774665,14.266752711817695,14.391257286071777,4282300,BITO
1636070400000000000,14.504779946833072,14.592664727142246,14.288727882959869,14.376612663269043,3022000,BITO
1636329600000000000,15.434907036387957,15.716872070167703,15.368992733272123,15.585044860839844,8171800,BITO
1636416000000000000,15.998832122251784,16.057422435339305,15.58137596689029,15.86334228515625,7763000,BITO
1636502400000000000,16.083053606288555,16.218544823407058,15.321379631044545,15.493489265441895,9954400,BITO
1636588800000000000,15.2225107193944,15.429407464996048,15.178568332087643,15.240819931030273,3247200,BITO
1636675200000000000,14.969838282265753,15.119976033027703,14.629281682285676,15.057723045349121,7672600,BITO
1636934400000000000,15.303071620698747,15.328704794181737,14.914909941394155,14.97350025177002,6204300,BITO
1637020800000000000,14.252107947747575,14.413232371879692,13.882256822805317,13.995776176452637,8119300,BITO
1637107200000000000,14.149574661056256,14.241122117607503,13.924734688878177,14.16788387298584,7245800,BITO
1637193600000000000,13.845640029778533,13.915215604917844,13.278044591528781,13.589306831359863,11930400,BITO
1637280000000000000,13.549021593496319,13.691835381382726,13.516064458068445,13.552682876586914,6827900,BITO
1637539200000000000,13.675361092900772,13.721134826485896,13.040021447234691,13.069315910339355,10940500,BITO
1637625600000000000,13.3586027440134,13.567330802755553,13.259731337729782,13.552682876586914,6421000,BITO
1637712000000000000,13.120582819954741,13.439167594046845,13.080301713490707,13.435504913330078,5460200,BITO
1637884800000000000,12.74340559412357,12.772701450553267,12.56763464625536,12.611577033996582,5211600,BITO
1638144000000000000,13.365925584280525,13.76397449321088,13.259730223833628,13.574653625488281,6690000,BITO
1638230400000000000,13.644595739615466,13.860280344847718,13.175505959501049,13.398881912231445,6746800,BITO
1638316800000000000,13.673527172049726,13.812679687021568,13.19015674836146,13.212128639221191,6683000,BITO
1638403200000000000,13.171849434090843,13.39522546749586,13.04002086375979,13.289030075073242,4670600,BITO
1638489600000000000,13.204809137113376,13.226779638493058,11.970748089818905,12.410176277160645,14049100,BITO
1638748800000000000,11.2456898316451,11.50934696768608,11.11019997980333,11.370194435119629,8017300,BITO
1638835200000000000,11.879195384365596,12.11355800560144,11.688777238821002,11.765677452087402,5064600,BITO
1638921600000000000,11.699765143215489,11.919478478610683,11.595401099367272,11.809621810913086,6224900,BITO
1639008000000000000,11.410473063829103,11.421459008262392,10.985692990730323,11.062592506408691,7156600,BITO
1639094400000000000,11.523992316782824,11.564273416757139,10.989355564349435,11.260335922241211,8618700,BITO
1639353600000000000,11.113860942791227,11.143156099836624,10.60851861069359,10.824570655822754,9171400,BITO
1639440000000000000,10.890483761848595,11.121183709900352,10.777697105057701,11.102873802185059,7042600,BITO
1639526400000000000,11.073578207201441,11.505682233748608,10.806259851270239,11.443429946899414,9616800,BITO
1639612800000000000,11.311603351555291,11.359208419436609,11.03329900367358,11.117523193359375,5015400,BITO
1639699200000000000,10.813586814657064,10.993019762199955,10.538944419722732,10.725701332092285,6895200,BITO
1639958400000000000,10.612182824214997,10.963725481135588,10.55725448051072,10.905135154724121,4705400,BITO
1640044800000000000,11.296954980923335,11.359207272168032,11.213463475455884,11.293292999267578,3273900,BITO
1640131200000000000,11.318924793054386,11.434274756573348,11.253010528186406,11.384839057922363,3629600,BITO
1640217600000000000,11.27132205406514,11.934125382304632,11.24935016365051,11.842577934265137,5727700,BITO
1640563200000000000,11.897507029463538,12.098911136914364,11.816944827721924,11.886520385742188,4773700,BITO
1640649600000000000,11.373853362064551,11.410472476505758,10.96335454894228,11.073577880859375,7170700,BITO
1640736000000000000,10.98203175461468,11.135831494861517,10.87949836163292,10.945412635803223,4398600,BITO
1640822400000000000,10.923441631730405,11.090057961658554,10.89048449407854,10.916117668151855,4659800,BITO
1640908800000000000,11.117521243113684,11.157801641426095,10.564574626374274,10.582883834838867,5522200,BITO
1641168000000000000,10.894146905569048,10.938089990321998,10.55359026870152,10.601195335388184,5205600,BITO
1641254400000000000,10.86485226912172,11.011328061230289,10.50964838595198,10.700066566467285,6253900,BITO
1641340800000000000,10.714713485353872,10.828232126235726,10.075345997128796,10.121485710144043,10718700,BITO
1641427200000000000,9.887126844344204,10.06289782061523,9.813888588338724,9.989660263061523,6675300,BITO
1641513600000000000,9.660085108823502,9.740647299257457,9.35614765020364,9.67107105255127,9618100,BITO
1641772800000000000,9.184041380739332,9.715016940924729,9.110803131592482,9.634454727172852,12742500,BITO
1641859200000000000,9.55389154101572,9.967685690508358,9.517272422846524,9.890786170959473,8372200,BITO
1641945600000000000,10.128809673673308,10.167259434519352,10.00430508749903,10.11416244506836,6993300,BITO
1642032000000000000,10.22401914557139,10.260638264909396,9.755295954638457,9.872476577758789,6406900,BITO
1642118400000000000,9.758957257708968,10.026275622917423,9.718676857844999,9.949376106262207,7138100,BITO
1642464000000000000,9.572203248203714,9.652765468884452,9.50995094061031,9.623470306396484,5490100,BITO
1642550400000000000,9.736988203597518,9.835859631093728,9.564879224899892,9.5941743850708,5608600,BITO
1642636800000000000,9.791914566658496,10.044585708703103,9.784590603480028,9.850504875183105,8127200,BITO
1642723200000000000,8.891085725115115,9.002772991359528,8.656723853827542,8.82517147064209,14546700,BITO
1642982400000000000,7.7522394636390555,8.66405214292808,7.65410070841455,8.598137855529785,19580500,BITO
1643068800000000000,8.458985390759278,8.667713486500917,8.294199684409728,8.502927780151367,14666800,BITO
1643155200000000000,8.865457026025979,8.964328465341579,8.451662751839208,8.513915061950684,16864700,BITO
1643241600000000000,8.502925604331633,8.576163832513046,8.169692993164062,8.169692993164062,10216500,BITO
1643328000000000000,8.54320863230722,8.72264156364605,8.424196659202606,8.70433235168457,8518700,BITO
1643587200000000000,8.598137770625593,8.93137048833596,8.565180627251888,8.847146987915039,5328500,BITO
1643673600000000000,8.964325251259266,9.046718087814352,8.788554332242782,8.86179256439209,5361600,BITO
1643760000000000000,8.832496978962935,8.836158261784828,8.51757357396533,8.634754180908203,4222400,BITO
1643846400000000000,8.407718597716912,8.541378507238361,8.33814302929269,8.363776206970215,3561700,BITO
1643932800000000000,8.700669487083443,9.425725103060833,8.63475521318521,9.359810829162598,13078400,BITO
1644192000000000000,9.890785527653117,10.271622515868627,9.846842449017865,10.191061019897461,10917000,BITO
1644278400000000000,10.048248117550424,10.224019050598145,9.84318133054315,10.224019050598145,4576000,BITO
1644364800000000000,10.165428812957845,10.33753776550293,10.07021938225686,10.33753776550293,3774400,BITO
1644451200000000000,10.026277287268464,10.560914804886172,10.026277287268464,10.158105850219727,11501800,BITO
1644537600000000000,10.04092319041518,10.131371965634811,9.678395413877347,9.758956909179688,10060500,BITO
1644796800000000000,9.835857048990578,9.876137447118872,9.62346701889506,9.715014457702637,5875500,BITO
1644883200000000000,10.209371756444902,10.267962769544168,10.099515091093528,10.180076599121094,3897500,BITO
1644969600000000000,10.055571754241567,10.2276814103571,9.975010248230053,10.16542911529541,4197600,BITO
1645056000000000000,9.69304309539163,9.733324194156872,9.389105609998662,9.411077499389648,7666000,BITO
1645142400000000000,9.290232941939,9.38544164874445,9.077842945120263,9.195023536682129,9924100,BITO
1645488000000000000,8.623772282893112,8.817853190726652,8.594477117413696,8.711658477783203,6807300,BITO
1645574400000000000,8.946016002284495,8.973479815378528,8.577994900141197,8.645740509033203,8870500,BITO
1645660800000000000,8.105976837036529,9.132773291073637,8.08547029879806,8.810525894165039,16154000,BITO
1645747200000000000,9.030241779284001,9.103113342599704,8.850808833932415,8.982637405395508,7294900,BITO
1646006400000000000,8.96798990289436,9.660088539123535,8.9643279203514,9.660088539123535,13625700,BITO
1646092800000000000,10.239399589963023,10.260638806020438,9.942053358965774,10.17275333404541,11998800,BITO
1646179200000000000,10.08852806283119,10.443732593032406,9.996980618709486,10.09951400756836,7551100,BITO
1646265600000000000,10.09218911712797,10.121484268617179,9.61614273081544,9.67107105255127,11761100,BITO
1646352000000000000,9.5062888380307,9.546569947862753,8.975313937330302,9.074185371398926,8665200,BITO
1646611200000000000,8.997282672928241,9.081506153670908,8.539545453520402,8.62743091583252,9189100,BITO
1646697600000000000,8.898412257626052,9.052212008425963,8.762922416714016,8.843483924865723,7486100,BITO
1646784000000000000,9.696707157257126,9.810226514776597,9.601497711491627,9.638116836547852,7202600,BITO
1646870400000000000,8.982636769572387,9.136436525908927,8.916722488506489,9.103479385375977,4262700,BITO
1646956800000000000,9.081506967511727,9.107140840795067,8.781231436423191,8.795879364013672,4508100,BITO
1647216000000000000,8.90573501586914,9.004606420522915,8.821511537142541,8.90573501586914,3494200,BITO
1647302400000000000,8.916722426527121,9.158407656454367,8.839822199667543,9.136436462402344,5141500,BITO
1647388800000000000,9.286575242291867,9.473332158108501,9.030242056241175,9.396431922912598,7204500,BITO
1647475200000000000,9.41107972569485,9.469670047694597,9.326855526674949,9.392769813537598,2516200,BITO
1647561600000000000,9.301222324272095,9.682060114746285,9.26094191453282,9.678398132324219,5578200,BITO
1647820800000000000,9.509947704872156,9.550228801506973,9.348824715235946,9.466005325317383,4770000,BITO
1647907200000000000,9.861491576223587,9.953039027620461,9.718677775548983,9.733325004577637,5701900,BITO
1647993600000000000,9.718678919805482,9.839521541939044,9.634454723780745,9.704030990600586,5161100,BITO
1648080000000000000,9.854167203140928,10.198385801660775,9.802900855992805,10.117823600769043,7568000,BITO
1648166400000000000,10.329482007825655,10.395029596876173,10.117823927777499,10.231343269348145,9335800,BITO
1648425600000000000,10.912453998534092,11.093718227583215,10.87766622459402,11.033296585083008,6759100,BITO
1648512000000000000,11.000342558650203,11.064425497947765,10.842880823860018,10.978370666503906,5306600,BITO
1648598400000000000,10.842881011434779,10.98569482059802,10.753164196414495,10.802599906921387,4069100,BITO
1648684800000000000,10.857527644923529,10.857527644923529,10.44739545194961,10.458380699157715,5067200,BITO
1648771200000000000,10.414437145737656,10.739613138457917,10.385141992381284,10.659784317016602,7977300,BITO
1649030400000000000,10.561647417446942,10.637814974092885,10.341201388065093,10.538944244384766,3693200,BITO
1649116800000000000,10.667108719942746,10.6927425930104,10.419930880772023,10.560914039611816,4097500,BITO
1649203200000000000,10.293596396431152,10.302751002536732,9.86881624737684,10.011630058288574,7099400,BITO
1649289600000000000,9.931066827353666,10.033599515507273,9.846842649789775,9.91275691986084,4540100,BITO
1649376000000000000,9.802902286472527,10.084868633836084,9.70403086101491,9.76994514465332,5543400,BITO
1649635200000000000,9.363469325569982,9.431214215881772,9.092489065871494,9.121784210205078,4800700,BITO
1649721600000000000,9.268263534987883,9.273024181136305,8.964326032449451,8.967988014221191,4285900,BITO
1649808000000000000,9.095053188544867,9.506283909620144,9.081503929900835,9.400089263916016,5109200,BITO
1649894400000000000,9.42206118644357,9.451356335665471,9.05220949098491,9.110799789428711,5129400,BITO
1650240000000000000,9.015592244980605,9.400091215581508,8.927706087490328,9.297557830810547,6876800,BITO
1650326400000000000,9.37080042841598,9.56121936094168,9.352491211171989,9.495305061340332,3554400,BITO
1650412800000000000,9.630793990540829,9.641779938869318,9.343334977904107,9.425727844238281,5789800,BITO
1650499200000000000,9.806565671537669,9.83952281807134,9.422065861462118,9.425727844238281,4859400,BITO
1650585600000000000,9.246291695567942,9.288403435317727,8.951508818867884,9.019253730773926,5635700,BITO
1650844800000000000,8.858131620092177,9.235306674003413,8.827005123326241,9.191364288330078,7760800,BITO
1650931200000000000,9.191363723657462,9.198687686970278,8.640247707270767,8.737288475036621,7539700,BITO
1651017600000000000,8.905737945592234,9.026580580438855,8.77757134537266,8.872780799865723,4498900,BITO
1651104000000000000,9.008266935695685,9.242628124770228,8.880100398501256,9.132771492004395,7616600,BITO
1651190400000000000,8.909397161490936,8.997282623318466,8.700669102344111,8.729964256286621,5787100,BITO
1651449600000000000,8.854469420605406,8.93136894286969,8.673205163415634,8.788555145263672,6414300,BITO
1651536000000000000,8.75193432127166,8.773905509289252,8.535882326819493,8.579825401306152,5523000,BITO
1651622400000000000,8.913060630950548,9.143759919453373,8.80320395994,9.107141494750977,6639500,BITO
1651708800000000000,8.997284206856095,8.997284206856095,8.100119522931973,8.279552459716797,11554300,BITO
1651795200000000000,8.188003668147264,8.290536359085484,8.030541951690344,8.198988914489746,5444200,BITO
1652054400000000000,7.455624950122844,7.613086684293864,6.910002202765073,7.041830062866211,12472900,BITO
1652140800000000000,7.316471711391561,7.375062020912991,7.016196200481334,7.118729591369629,7176500,BITO
1652227200000000000,6.785498537609127,7.2798543029883,6.628036781871332,6.657331943511963,14410900,BITO
1652313600000000000,6.481561532092044,6.790991747233635,6.308353166786524,6.485222816467285,19023600,BITO
1652400000000000000,6.961268581164536,7.063801982489198,6.6866262154089995,6.840425968170166,7862700,BITO
1652659200000000000,6.796483136579976,6.818455029547556,6.613388219226892,6.708597660064697,4154800,BITO
1652745600000000000,6.95760695480401,7.005211326649715,6.704935769826234,6.836764335632324,6501100,BITO
1652832000000000000,6.701275140406943,6.732401646262111,6.525504149483575,6.6390228271484375,5417400,BITO
1652918400000000000,6.745217442624429,6.9502835745402605,6.675641171662151,6.818455696105957,5605800,BITO
1653004800000000000,6.8953553504755885,6.920988530092874,6.521841508604896,6.660994052886963,5739500,BITO
1653264000000000000,6.9283110359189015,6.957606191946929,6.606064319610596,6.606064319610596,5331600,BITO
1653350400000000000,6.653667834896366,6.737891310394055,6.5071920734978805,6.6719770431518555,8812000,BITO
1653436800000000000,6.6976113665918415,6.836763174741019,6.679301458643547,6.719582557678223,6188500,BITO
1653523200000000000,6.404658356648398,6.781834033687072,6.400996375498335,6.675638675689697,9657000,BITO
1653609600000000000,6.635359727936766,6.682964096373031,6.402829112550139,6.551135540008545,12572700,BITO
1653955200000000000,7.243235367005305,7.384218540783696,7.100420852873647,7.1883063316345215,9464400,BITO
1654041600000000000,7.250556252235225,7.261542195392324,6.789157814860603,6.829438209533691,6636000,BITO
1654128000000000000,6.778171982118929,6.924647734342296,6.752538812786274,6.888028621673584,6050300,BITO
1654214400000000000,6.715920448303223,6.759862829639884,6.639020233286728,6.715920448303223,4776300,BITO
1654473600000000000,7.15534973062435,7.235545254419016,7.063802271625277,7.162672996520996,6424500,BITO
1654560000000000000,6.715919806732301,7.1406998441491565,6.677470052122932,7.06380033493042,7038300,BITO
1654646400000000000,6.902678265679487,7.014366272839004,6.789159616733662,6.840425968170166,5410600,BITO
1654732800000000000,6.851410799021595,6.920987056347154,6.792820487100582,6.807468414306641,2847600,BITO
1654819200000000000,6.675639940405109,6.733864264354319,6.533192129402569,6.5731072425842285,5387900,BITO
1655078400000000000,5.309751626440967,5.500170473086533,5.126656742770589,5.243837356567383,22112200,BITO
1655164800000000000,5.10834763169547,5.174261907338575,4.992997998545843,5.027785778045654,15399600,BITO
1655251200000000000,4.8556769712602685,5.0900382264861745,4.595682191824666,4.906943321228027,25624700,BITO
1655337600000000000,4.826381026987279,4.868492764512401,4.698214474525179,4.731171607971191,14511800,BITO
1655424000000000000,4.679904901411938,4.745452830261154,4.613990983967212,4.657933712005615,11869700,BITO
1655769600000000000,4.804410231293718,4.934407794521195,4.731172339657162,4.742157936096191,12501600,BITO
1655856000000000000,4.665256785336591,4.738494656922385,4.489485893530683,4.566385746002197,9795800,BITO
1655942400000000000,4.657934448020605,4.749481899872754,4.562725014280174,4.742157936096191,8418600,BITO
1656028800000000000,4.819058418273926,4.855677543330152,4.712863374681903,4.819058418273926,7994600,BITO
1656288000000000000,4.815396995270414,4.815396995270414,4.624978430846619,4.712863922119141,8145500,BITO
1656374400000000000,4.760466193010982,4.7824377290995805,4.559061784230758,4.566385746002197,6626800,BITO
1656460800000000000,4.548077615307016,4.588358369989146,4.491318290703599,4.570048809051514,7697400,BITO
1656547200000000000,4.343011349502836,4.3539972960767015,4.231323686475283,4.251463890075684,9600800,BITO
1656633600000000000,4.3539954920282735,4.445542913523375,4.339347918558085,4.379628658294678,8620300,BITO
1656979200000000000,4.375968843996808,4.639625646212372,4.357659280788278,4.624978065490723,10137000,BITO
1657065600000000000,4.570048746902724,4.635963025691494,4.533429974751269,4.599344253540039,5514900,BITO
1657152000000000000,4.617653683516905,4.958210341073419,4.606668086274197,4.954548358917236,9052100,BITO
1657238400000000000,4.833705243649105,5.011307518444886,4.793424491757942,4.9362382888793945,8833200,BITO
1657497600000000000,4.650610541612246,4.690891644428606,4.575541658105527,4.635962963104248,5615300,BITO
1657584000000000000,4.4968110738212435,4.529768214831287,4.350335279583095,4.3759684562683105,7931900,BITO
1657670400000000000,4.295405424868964,4.5261049998769325,4.2734342363305355,4.4382195472717285,8055700,BITO
1657756800000000000,4.4565290696771305,4.727509387743553,4.434923869885525,4.668919086456299,6980700,BITO
1657843200000000000,4.745820487623382,4.7970871925354,4.676244569523937,4.7970871925354,7756300,BITO
1658102400000000000,5.035109632602851,5.163276199304879,4.841029140911201,4.8959574699401855,10495600,BITO
1658188800000000000,5.057081305952926,5.368342427297205,4.991167030014364,5.313414096832275,15314400,BITO
1658275200000000000,5.412284523443608,5.502000972213144,5.306089507632139,5.361018180847168,13783100,BITO
1658361600000000000,5.144967516017415,5.269472122192383,5.060743668041348,5.269472122192383,8760600,BITO
1658448000000000000,5.346370255929421,5.388481991523975,5.104684738147068,5.119332313537598,7252400,BITO
1658707200000000000,4.961871973353044,4.9871391595328625,4.8813101177268825,4.958209991455078,5558200,BITO
1658793600000000000,4.738495221389327,4.771452354835339,4.687228879785096,4.731171607971191,5246300,BITO
1658880000000000000,4.8190577152424385,5.232852231417315,4.8190577152424385,5.170599937438965,9390000,BITO
1658966400000000000,5.243836738623228,5.474536306768902,5.1541202981042,5.415946006774902,7459400,BITO
1659052800000000000,5.364681113799124,5.503833297434963,5.320738374107678,5.430595397949219,9461900,BITO
1659312000000000000,5.234682681400936,5.328061112719223,5.176092375293565,5.203556537628174,6753600,BITO
1659398400000000000,5.155951099578552,5.3097508060362815,5.130317931577504,5.196231842041016,6166700,BITO
1659484800000000000,5.2658090350495,5.342708902186814,5.252992448730912,5.320737361907959,6352500,BITO
1659571200000000000,5.188909553758504,5.243837884701423,5.062573973518815,5.0644049644470215,7663700,BITO
1659657600000000000,5.210882159797233,5.291444036360082,5.141306231783345,5.188910961151123,9272600,BITO
1659916800000000000,5.445241156771902,5.500169824935578,5.386650856777903,5.415946006774902,7767000,BITO
1660003200000000000,5.262145528674337,5.27313112101762,5.163274499133419,5.210878849029541,2985900,BITO
1660089600000000000,5.463552284390229,5.474537881492623,5.317076492272194,5.346371650695801,7315000,BITO
1660176000000000000,5.573407590862381,5.642983483437294,5.44524105021429,5.4855217933654785,7223200,BITO
1660262400000000000,5.382990049107221,5.489185078301195,5.355525883651606,5.478199481964111,5128500,BITO
1660521600000000000,5.452566207456977,5.489184977651083,5.414116097143491,5.419609069824219,3481500,BITO
1660608000000000000,5.404961713436289,5.434256870482625,5.3353854535318765,5.408623695373535,3629200,BITO
1660694400000000000,5.335386254624058,5.344541210841764,5.232853189566851,5.240177154541016,5922600,BITO
1660780800000000000,5.306090898038876,5.306090898038876,5.240176961824845,5.269472122192383,2519000,BITO
1660867200000000000,4.844690344274552,4.870323864879835,4.751312263041811,4.789762020111084,6517700,BITO
1661126400000000000,4.764130309624811,4.837368214042673,4.712863601919369,4.734835147857666,3922700,BITO
1661212800000000000,4.826382317643432,4.8886346198608255,4.809171419898704,4.852015495300293,3656800,BITO
1661299200000000000,4.822720396349233,4.928915439847111,4.804410833837352,4.88863468170166,2838000,BITO
1661385600000000000,4.855676872778309,4.895957625396841,4.808072156469604,4.848352909088135,3280000,BITO
1661472000000000000,4.899619555401398,4.906943169788276,4.582865462894772,4.610329627990723,10825900,BITO
1661731200000000000,4.482164187210125,4.58286661688714,4.471178588250668,4.5114593505859375,4878100,BITO
1661817600000000000,4.566387727547152,4.5956828888938555,4.364983231369168,4.460192680358887,5602100,BITO
1661904000000000000,4.5554005573835825,4.588357692358892,4.445543906433587,4.5261054039001465,4224900,BITO
1661990400000000000,4.471176937592981,4.4931484766263905,4.36131994087746,4.44920539855957,5542900,BITO
1662076800000000000,4.573711343270893,4.59934487136866,4.412587955864027,4.460192680358887,7435300,BITO
1662422400000000000,4.452868540693612,4.46385413846112,4.192873732023548,4.200197696685791,12062400,BITO
1662508800000000000,4.222168762116279,4.313716222218177,4.214845146905567,4.269773483276367,5835800,BITO
1662595200000000000,4.288082479391925,4.357658386230469,4.275265892544757,4.357658386230469,6591600,BITO
1662681600000000000,4.723849096928487,4.846522715104291,4.720187463707109,4.822720527648926,8431300,BITO
1662940800000000000,5.0497571654080815,5.086009946059174,4.9765192776118035,5.071728706359863,6944700,BITO
1663027200000000000,4.815394645597071,4.854210736096739,4.524273792236697,4.573709487915039,8162200,BITO
1663113600000000000,4.584697221869731,4.588358855063698,4.421742496445872,4.496811389923096,6898100,BITO
1663200000000000000,4.507796182484148,4.548076931106551,4.390615219647181,4.45286750793457,5018500,BITO
1663286400000000000,4.452868046779393,4.456530028704326,4.348504006499535,4.4162492752075195,6223100,BITO
1663545600000000000,4.22216826992053,4.4089251505715765,4.22216826992053,4.394277572631836,6703600,BITO
1663632000000000000,4.25512672801834,4.348505197320543,4.216676954954681,4.266112327575684,5089600,BITO
1663718400000000000,4.346673493066921,4.48216369614216,4.214845272318924,4.273435592651367,11488300,BITO
1663804800000000000,4.306392258317797,4.392446738124423,4.225830402168004,4.346673011779785,7995700,BITO
1663891200000000000,4.280758052501599,4.2862510245096495,4.163577443469284,4.229491710662842,8582800,BITO
1664150400000000000,4.291745120649215,4.348504449362924,4.269773576087795,4.324702262878418,4661100,BITO
1664236800000000000,4.540754182590815,4.590189898139537,4.234985631597202,4.299068927764893,7444600,BITO
1664323200000000000,4.317376334243498,4.438218901293579,4.288081187638975,4.412585735321045,8103600,BITO
1664409600000000000,4.34667153068033,4.427233359379215,4.236814555041068,4.379628658294678,4890800,BITO
1664496000000000000,4.3338556733700075,4.559062284150808,4.330193692082737,4.390614986419678,8115300,BITO
1664755200000000000,4.335687418988089,4.445544432155345,4.299068298190397,4.4162492752075195,9041800,BITO
1664841600000000000,4.518783429524814,4.592021339803599,4.494248563699117,4.584697723388672,8210000,BITO
1664928000000000000,4.504133775447036,4.606666802669399,4.460191049494594,4.544414520263672,5885700,BITO
1665014400000000000,4.544415920168184,4.59934460644879,4.486191938766278,4.522444725036621,6864900,BITO
1665100800000000000,4.430895340053186,4.441514595091726,4.352164501691287,4.379628658294678,7260800,BITO
1665360000000000000,4.368643780604486,4.374136403288836,4.29687055408425,4.317377090454102,3118800,BITO
1665446400000000000,4.299068642570907,4.322871177763874,4.236816341763549,4.269773483276367,4904500,BITO
1665532800000000000,4.295405899101275,4.321039420860492,4.281490997744399,4.310053825378418,2587000,BITO
1665619200000000000,4.103157071233609,4.408925597278354,4.094002465053414,4.3759684562683105,13273000,BITO
1665705600000000000,4.445543773009847,4.463852981468149,4.310053604908967,4.321039199829102,8380900,BITO
1665964800000000000,4.4199093473593285,4.4455428625575575,4.383290588716522,4.412585735321045,4210400,BITO
1666051200000000000,4.438220691809958,4.449206288912162,4.302730496796653,4.335687637329102,4789400,BITO
1666137600000000000,4.324702040226897,4.354363187325433,4.299068514687306,4.335687637329102,2208300,BITO
1666224000000000000,4.317378490845071,4.368645197624397,4.273435748988164,4.299068927764893,3865900,BITO
1666310400000000000,4.2770973204828975,4.348504225485979,4.256956768107327,4.335687637329102,6820000,BITO
1666569600000000000,4.368644237625446,4.39061542911285,4.32103952376835,4.372305870056152,4297400,BITO
1666656000000000000,4.37230647119063,4.621315670455294,4.37230647119063,4.592020511627197,13740000,BITO
1666742400000000000,4.62607543995548,4.758635956133864,4.601174245369872,4.701876640319824,12256200,BITO
1666828800000000000,4.698215101974523,4.703708074691035,4.62863919369441,4.683567523956299,6647400,BITO
1666915200000000000,4.603005166842675,4.7000455788668685,4.5975125439526625,4.665257453918457,8205800,BITO
1667174400000000000,4.67258214684623,4.687229725551278,4.566387113928171,4.603005886077881,4302100,BITO
1667260800000000000,4.635963663725493,4.643287628699253,4.587992950360498,4.624978065490723,2309400,BITO
1667347200000000000,4.6139904498393935,4.712129162841786,4.53709059736788,4.566385746002197,7493800,BITO
1667433600000000000,4.548076920790845,4.599343613742349,4.533429344122669,4.577372074127197,5400100,BITO
1667520000000000000,4.720185522266112,4.833338149074232,4.676242798650671,4.782437801361084,11666600,BITO
1667779200000000000,4.687229191094786,4.727509940634243,4.6652576509295836,4.705538749694824,4578100,BITO
1667865600000000000,4.423207951899515,4.668921200282657,3.8047131665791136,4.075693607330322,49341600,BITO
1667952000000000000,3.911639413146932,3.991468589367841,3.517252781234335,3.53739333152771,39911000,BITO
1668038400000000000,3.7644315750941653,4.03175034824808,3.649081925547668,3.9768216609954834,36835100,BITO
1668124800000000000,3.56668891878968,3.7387982394911727,3.544717724196374,3.581336498260498,22101400,BITO
1668384000000000000,3.658237251979546,3.683870784098376,3.5685207626284514,3.5923233032226562,13114100,BITO
1668470400000000000,3.746120965162096,3.7992186464028372,3.6809393742222407,3.7607688903808594,12253200,BITO
1668556800000000000,3.6578708799980175,3.6758141061432523,3.603308525648481,3.6618988513946533,7926700,BITO
1668643200000000000,3.6472513546511682,3.7369678366865426,3.6472513546511682,3.720489263534546,6090700,BITO
1668729600000000000,3.738797981363718,3.742459963285059,3.6783766765648642,3.713164806365967,5497500,BITO
1668988800000000000,3.6142930355809817,3.665559729777272,3.47147889767932,3.5117599964141846,11553000,BITO
1669075200000000000,3.5740122968850985,3.6256449798583743,3.5520407566699896,3.5849978923797607,5472200,BITO
1669161600000000000,3.6435886870080227,3.7314741611480713,3.6216174930859264,3.7314741611480713,4980500,BITO
1669334400000000000,3.7021790031013886,3.7424601073349506,3.698517370264926,3.7314741611480713,1888600,BITO
1669593600000000000,3.6472499551161546,3.6802070887737264,3.5868286598191936,3.658235549926758,4897500,BITO
1669680000000000000,3.6948560827318375,3.7241512462851887,3.6747155268291976,3.720489263534546,2249400,BITO
1669766400000000000,3.8083739944157107,3.925554974477151,3.790064782767016,3.9182310104370117,7346400,BITO
1669852800000000000,3.8816123804169163,3.918231154284493,3.8413312751689896,3.8596408367156982,7773000,BITO
1669939200000000000,3.8486564795402978,3.9035848326528577,3.8486564795402978,3.896261215209961,2642800,BITO
1670198400000000000,3.9292154071506356,3.947524962432774,3.841329960867236,3.8559775352478027,3783600,BITO
1670284800000000000,3.8852732181549077,3.8944281716674563,3.848654451782016,3.8852732181549072,3309500,BITO
1670371200000000000,3.8596411571976477,3.866965122114806,3.819360397830883,3.834007978439331,2701000,BITO
1670457600000000000,3.8449931632696663,3.9676667686382556,3.839134201501273,3.947526216506958,6081800,BITO
1670544000000000000,3.9218930879315774,3.943864631361043,3.9035835266113286,3.903583526611328,2943000,BITO
1670803200000000000,3.8999207551622104,3.9292159076549664,3.8889351602838684,3.9255542755126953,2679100,BITO
1670889600000000000,4.112312132518822,4.117072779701983,4.031750611385106,4.0647077560424805,7605500,BITO
1670976000000000000,4.115973054759564,4.229492040532601,4.050059131650959,4.079354286193848,11670800,BITO
1671062400000000000,4.024425195277991,4.024425195277991,3.9621729109754478,3.984144449234009,3877500,BITO
1671148800000000000,3.8999207223713324,3.9109066663830685,3.8248518510866107,3.8449923992156982,6556400,BITO
1671408000000000000,3.8193600655064555,3.830345662700462,3.7607697481706364,3.779078960418701,2842700,BITO
1671494400000000000,3.8307114327625027,3.907244962323011,3.8230211317182414,3.863302230834961,3910300,BITO
1671580800000000000,3.8449928592722444,3.8633024189234635,3.81935968529602,3.8376688957214355,1591700,BITO
1671667200000000000,3.826683172155169,3.848654712849926,3.7680928626035395,3.8303451538085938,3745400,BITO
1671753600000000000,3.834006804429724,3.8633019566761635,3.824119524664314,3.8449923992156982,2066900,BITO
1672099200000000000,3.8413305684558297,3.8486545314174148,3.7809092709258567,3.7973878383636475,3184900,BITO
1672185600000000000,3.790064811706543,3.8266835845093663,3.7607696537739526,3.790064811706543,2738500,BITO
1672272000000000000,3.790064811706543,3.80837402349504,3.782740847610481,3.790064811706543,2019100,BITO
1672358400000000000,3.7644310990514884,3.826683393863279,3.7186573734090427,3.81935977935791,3834600,BITO
1672704000000000000,3.8706259215843466,3.876118894088986,3.819359575110886,3.8413307666778564,2501100,BITO
1672790400000000000,3.87795090675354,3.932879249370231,3.8633033254406968,3.87795090675354,4408000,BITO
1672876800000000000,3.8852752652066873,3.901753840985646,3.863304063652044,3.896261215209961,1575900,BITO
1672963200000000000,3.8633026611847296,3.951188133950768,3.852317064395431,3.907245397567749,2777900,BITO
1673222400000000000,3.9878064304813945,4.035411139020148,3.973158854717605,3.984144449234009,5751700,BITO
1673308800000000000,4.006117773851354,4.057384490966797,3.987808556305639,4.057384490966797,3269500,BITO
1673395200000000000,4.028088878675234,4.079355590125152,4.006117331132154,4.075693607330322,3621100,BITO
1673481600000000000,4.218506247104906,4.438219895875513,4.152591977860838,4.430896282196045,13516600,BITO
1673568000000000000,4.401601424537225,4.5334296226501465,4.392446470291039,4.5334296226501465,11364700,BITO
1673913600000000000,4.950885242520146,4.987504005432129,4.884970980362546,4.987504005432129,12929900,BITO
1674000000000000000,4.987505764926017,5.020462907631448,4.739961555161578,4.819058418273926,25287100,BITO
1674086400000000000,4.833339565763678,4.930745982456437,4.819057975597824,4.910605430603027,6439700,BITO
1674172800000000000,4.903280352812694,5.218203378346001,4.890463419586449,5.196231842041016,18107600,BITO
1674432000000000000,5.309751271078185,5.3976367255439195,5.23651339235674,5.372003555297852,11053400,BITO
1674518400000000000,5.3225678201978806,5.3701725283512465,5.295103659516333,5.353693962097168,6406000,BITO
1674604800000000000,5.247500197699307,5.335385672444282,5.192571863290157,5.328062057495117,7939800,BITO
1674691200000000000,5.390314324391953,5.404961903430009,5.309752465069732,5.38299036026001,6300900,BITO
1674777600000000000,5.324034620805912,5.470876774308836,5.307922385863942,5.364681720733643,13773400,BITO
1675036800000000000,5.378596212665353,5.410454689296346,5.229190762313538,5.262147903442383,9829300,BITO
1675123200000000000,5.353694090166828,5.3903132047687174,5.342708495476564,5.357356071472168,5195500,BITO
1675209600000000000,5.349587961681182,5.495721058940651,5.271896836296676,5.471673965454102,12718400,BITO
1675296000000000000,5.549363857196543,5.611146707065406,5.46057412015797,5.538265228271484,12849700,BITO
1675382400000000000,5.397681587182408,5.5012696192090225,5.371784667380521,5.412479877471924,10411900,BITO
1675641600000000000,5.275596347041407,5.362906377890982,5.260798054667876,5.327390193939209,7458700,BITO
1675728000000000000,5.316292132773917,5.408781558228201,5.258948787781626,5.368086338043213,8196600,BITO
1675814400000000000,5.331090129705359,5.34958808432941,5.229351908501785,5.275596618652344,6359800,BITO
1675900800000000000,5.260798210806369,5.279296165027077,5.035123804388175,5.07211971282959,14259400,BITO
1675987200000000000,5.033274968322513,5.0610220815463185,4.964832982845771,5.012927532196045,8246900,BITO
1676246400000000000,4.968530992038299,5.005526542663574,4.9204364586882665,5.005526542663574,8258100,BITO
1676332800000000000,4.9796300200282895,5.151660385004661,4.970381219837369,5.142411231994629,10406700,BITO
1676419200000000000,5.233049934783382,5.623354926575804,5.216401816105801,5.582659721374512,16793400,BITO
1676505600000000000,5.638154127071532,5.841630891628883,5.612257206192644,5.682548999786377,22172700,BITO
1676592000000000000,5.523467088167055,5.789836306487683,5.4809216959686085,5.745441436767578,15277400,BITO
1676937600000000000,5.689950022840129,5.725096106554579,5.60337983639468,5.64925479888916,9128200,BITO
1677024000000000000,5.530867126240362,5.560463711776995,5.443927200328895,5.490171909332275,9556300,BITO
1677110400000000000,5.541966208874298,5.562313995394754,5.471674400705967,5.530867576599121,7942700,BITO
1677196800000000000,5.471674540758757,5.504970791255695,5.249699772658614,5.334790229797363,14551700,BITO
1677456000000000000,5.470195772037909,5.497572427317512,5.30556432171182,5.356988430023193,7700000,BITO
1677542400000000000,5.382884045092998,5.434677891895914,5.327390184179576,5.345888137817383,6209700,BITO
1677628800000000000,5.446852301485862,5.4990110701729655,5.353711871524813,5.376065731048584,4919300,BITO
1677715200000000000,5.349986957970494,5.41704819112821,5.3276334504529865,5.3946943283081055,5004500,BITO
1677801600000000000,5.133901022806769,5.152529182119433,5.092919356560978,5.100370407104492,9356000,BITO
1678060800000000000,5.13390194025391,5.18233502100097,5.111548429326128,5.118999481201172,5277600,BITO
1678147200000000000,5.118999114837448,5.1525297341320035,5.014681908934204,5.04821252822876,8581300,BITO
1678233600000000000,5.037033879313714,5.092917986920179,5.007228619247443,5.055661678314209,5277000,BITO
1678320000000000000,4.981149396271173,4.988600800083245,4.567606077868379,4.601136684417725,17443700,BITO
1678406400000000000,4.571333280342515,4.642119863280882,4.493095291146105,4.563881874084473,14404000,BITO
1678665600000000000,5.1413515371088065,5.620093265323596,5.08546706886155,5.580974102020264,29730600,BITO
1678752000000000000,5.957263161383608,5.998245187222077,5.573524602703494,5.76353120803833,24717100,BITO
1678838400000000000,5.759803999607514,5.7747064536629304,5.487833768968009,5.607053756713867,16077600,BITO
1678924800000000000,5.666663854409209,5.787746344036671,5.649898548351286,5.741176128387451,10952700,BITO
1679011200000000000,6.12491503441908,6.203152656555176,6.009420386591835,6.203152656555176,27311800,BITO
1679270400000000000,6.475122540247404,6.486299647940236,6.324235494722242,6.396884918212891,16942900,BITO
1679356800000000000,6.460220307961101,6.561184500383287,6.3875708859620115,6.486299514770508,11427000,BITO
1679443200000000000,6.53100631513448,6.652088431228869,6.113736933076688,6.117462635040283,19835100,BITO
1679529600000000000,6.292568525038655,6.62042330439502,6.270215016184205,6.549636363983154,19269700,BITO
1679616000000000000,6.411786235765627,6.497475963081506,6.322371516944943,6.393158435821533,9519300,BITO
1679875200000000000,6.374530602264586,6.389432700020279,6.072755128405393,6.184524059295654,16324800,BITO
1679961600000000000,6.154718584064946,6.311194504358291,6.124913680704545,6.288840293884277,9822300,BITO
1680048000000000000,6.497475469141674,6.555222070941464,6.445316354174328,6.516103267669678,8101700,BITO
1680134400000000000,6.557086235833272,6.560811938204581,6.341000472532866,6.419238090515137,8749200,BITO
1680220800000000000,6.48629832143718,6.583164436483138,6.4788469178325,6.527280330657959,9507400,BITO
1680480000000000000,6.4526516968177745,6.494750349954467,6.372280213593919,6.414379596710205,8597100,BITO
1680566400000000000,6.456478870545277,6.4710222537404025,6.376107388681776,6.441169738769531,6941600,BITO
1680652800000000000,6.51197197662605,6.513885982890395,6.341661918074686,6.444996356964111,9347800,BITO
1680739200000000000,6.376107605428761,6.4373426746541815,6.316785812750556,6.387589454650879,7378400,BITO
1681084800000000000,6.452650218947118,6.7435170911750655,6.4220326918694095,6.686108589172363,15452000,BITO
1681171200000000000,6.8966052021653645,6.994198348337182,6.858333108184063,6.892777919769287,15613800,BITO
1681257600000000000,6.900432992893486,6.922247701180723,6.77030830175889,6.80858039855957,10759800,BITO
1681344000000000000,6.9348769001888995,7.02672948251187,6.906172648846969,6.950185298919678,9204400,BITO
1681430400000000000,7.0037674428742775,7.036298984073707,6.835371367184125,6.931051254272461,8301200,BITO
1681689600000000000,6.693764765269242,6.747345268062352,6.657406671228145,6.7167277336120605,5009200,BITO
1681776000000000000,6.911914369781155,6.94253190237234,6.827716337650286,6.896605968475342,5694400,BITO
1681862400000000000,6.66314572930431,6.727442318167052,6.632528201753562,6.659318447113037,5786900,BITO
1681948800000000000,6.5445044107884724,6.581245014335962,6.366539762733464,6.387589454650879,10648500,BITO
1682035200000000000,6.410551871712338,6.444996686436319,6.184747299623808,6.207710266113281,8580200,BITO
1682294400000000000,6.2306742668151855,6.307217735510761,6.134994383461031,6.2306742668151855,4776300,BITO
1682380800000000000,6.2306731061557175,6.326352971686478,6.184746449509998,6.2842535972595215,9398400,BITO
1682467200000000000,6.7856163953439,6.812406642897869,6.3110443144435076,6.353143692016602,23874100,BITO
1682553600000000000,6.5827758354298975,6.808580403748519,6.563639422025207,6.774135589599609,13519100,BITO
1682640000000000000,6.666973301339596,6.6899362655061045,6.56746614997877,6.663146018981934,8464400,BITO
1682899200000000000,6.481599936036664,6.493362796163397,6.299268125142932,6.305149555206299,9736100,BITO
1682985600000000000,6.356123196916909,6.5639424349819055,6.320833871404545,6.524731159210205,16581600,BITO
1683072000000000000,6.4031776317003555,6.525908363445644,6.367887554138027,6.422782897949219,12383500,BITO
1683158400000000000,6.552180253256586,6.581588903456197,6.497284903969892,6.563943862915039,13293800,BITO
1683244800000000000,6.587468786872263,6.761958923631026,6.579627130168426,6.740392684936523,9592500,BITO
1683504000000000000,6.332596825253168,6.367886899185828,6.179673670140231,6.199279308319092,12125900,BITO
1683590400000000000,6.28554521488087,6.293386873488566,6.195359409854937,6.277702808380127,4407400,BITO
1683676800000000000,6.3678882394595355,6.430625995679389,6.050278255109895,6.277702808380127,18099700,BITO
1683763200000000000,6.199279422876662,6.234569123515002,6.050277093488901,6.081645965576172,8989900,BITO
1683849600000000000,5.987539800483304,6.028711307970253,5.848732362761907,5.995381832122803,10304200,BITO
1684108800000000000,6.203200983857388,6.277702344321083,6.167910905105796,6.21888542175293,6070800,BITO
1684195200000000000,6.136541507247125,6.1600683490621355,6.089488197563571,6.105172634124756,3403900,BITO
1684281600000000000,6.05811871241379,6.230647871103359,6.009104806368458,6.214963436126709,7985100,BITO
1684368000000000000,6.160066694126332,6.214962394315679,5.971853132010259,6.062038898468018,9027900,BITO
1684454400000000000,6.101251159277708,6.167909727143271,6.038513045730924,6.089487552642822,6261600,BITO
1684713600000000000,6.069881915531104,6.148304463977977,6.069881915531104,6.089487552642822,7539600,BITO
1684800000000000000,6.183594226370522,6.211041892584738,6.144382954110435,6.1639885902404785,4509400,BITO
1684886400000000000,6.050277385841751,6.050277385841751,5.889511815139593,5.940485954284668,8394300,BITO
1684972800000000000,5.956169604950977,6.003223283091536,5.897353068194911,5.975775241851807,7247800,BITO
1685059200000000000,5.975775609753527,6.097330266865107,5.975775609753527,6.054197788238525,6555500,BITO
1685404800000000000,6.336518222139758,6.3514184926551085,6.2306483710391785,6.320834159851074,5987800,BITO
1685491200000000000,6.140460891753636,6.160066525136729,6.05811753070173,6.085565567016602,5401600,BITO
1685577600000000000,6.076696504454124,6.1371814395065645,6.016211953953076,6.056535243988037,7235600,BITO
1685664000000000000,6.112986114809727,6.173471037258898,6.056533981985409,6.165406227111816,4084700,BITO
1685923200000000000,6.036372036470053,6.054517473833743,5.713786953344927,5.774271488189697,11901200,BITO
1686009600000000000,5.7581432088724025,6.1613745335605525,5.733949544739874,6.129116058349609,16512400,BITO
1686096000000000000,6.048469950390942,6.084760831621506,5.9275004744728506,5.98395299911499,5708400,BITO
1686182400000000000,5.967824694606342,6.072664949101452,5.939598235595244,6.004115581512451,4071900,BITO
1686268800000000000,6.0444354160616145,6.048467820234065,5.955724831575066,5.959756851196289,4424400,BITO
1686528000000000000,5.846853474932644,5.862982710515923,5.784352735116352,5.830724239349365,3662100,BITO
1686614400000000000,5.895241987577553,5.9033067987473276,5.79645035805598,5.838789463043213,2847800,BITO
1686700800000000000,5.871048323170951,5.88717756095914,5.806530987466837,5.838789463043213,4082800,BITO
1686787200000000000,5.641206100804492,5.75411114780778,5.604915220307103,5.742013931274414,9002500,BITO
1686873600000000000,5.766206065533388,5.994031517559664,5.665398268529487,5.959756851196289,13207700,BITO
1687219200000000000,6.068631430448333,6.38718415721213,6.016211312809815,6.367022514343262,14810600,BITO
1687305600000000000,6.596865401412443,6.969854107747614,6.5807357775846675,6.822674751281738,20063300,BITO
1687392000000000000,6.871061994055141,6.8992880631197195,6.69968822328739,6.846867561340332,10033300,BITO
1687478400000000000,6.838803993827679,7.137195898740643,6.782351845434716,7.02025842666626,30382100,BITO
1687737600000000000,6.895254969201646,6.955739506744114,6.777511510515539,6.84283447265625,10123900,BITO
1687824000000000000,6.927515462196582,7.032355716780916,6.883159762806289,6.939611911773682,13825200,BITO
1687910400000000000,6.8226746101988045,6.89928878359088,6.754125248553848,6.810577392578125,8890600,BITO
1687996800000000000,6.971869494765906,6.9799335361884225,6.887190522456854,6.931546211242676,6181900,BITO
1688083200000000000,7.036386772092841,7.04041840844261,6.61702583426854,6.846867561340332,25169500,BITO
1688342400000000000,6.915688561432277,7.049973651883036,6.90309983445394,7.020598888397217,7649900,BITO
1688515200000000000,6.806580923735252,6.902259399594469,6.79818870687213,6.852741718292236,6365100,BITO
1688601600000000000,6.8947068579397515,6.898903367092027,6.7184574755555735,6.814974784851074,7977400,BITO
1688688000000000000,6.814975698060798,6.8653330142337285,6.772172579615598,6.793993949890137,7390600,BITO
1688947200000000000,6.781403396769096,6.9492597579956055,6.781403396769096,6.9492597579956055,6047700,BITO
1689033600000000000,6.827564253716468,6.9303759256569535,6.798189490304901,6.88211727142334,8862600,BITO
1689120000000000000,6.890510422536628,6.945063441295533,6.783502239416269,6.802385330200195,9254100,BITO
1689206400000000000,6.873723717285436,7.196847690425072,6.850644119548786,7.1506876945495605,30266700,BITO
1689292800000000000,7.003814787364696,7.062564323857574,6.718458523709456,6.768815040588379,19755000,BITO
1689552000000000000,6.78560074500856,6.810779002205702,6.651315639420645,6.701672554016113,7977000,BITO
1689638400000000000,6.672296195747885,6.739438736554231,6.609350163792213,6.659707069396973,8064400,BITO
1689724800000000000,6.705867622942977,6.756224929926266,6.663903734058395,6.731046676635742,6536600,BITO
1689811200000000000,6.777206168137147,6.79399220267872,6.617742842003104,6.66390323638916,6927300,BITO
1689897600000000000,6.6974752986529005,6.74573435327595,6.6701987896930355,6.693278789520264,5296600,BITO
1690156800000000000,6.5505990601749176,6.55479556826945,6.454081775206914,6.512831687927246,6137600,BITO
1690243200000000000,6.517029746709222,6.579976186367254,6.517029746709222,6.533815383911133,3367600,BITO
1690329600000000000,6.5338156202327955,6.598860316918813,6.523324746677592,6.575779914855957,5112700,BITO
1690416000000000000,6.584171164784367,6.596760690674607,6.470868233179841,6.49185037612915,5557000,BITO
1690502400000000000,6.533814834730728,6.603055632393922,6.517029198939684,6.5464043617248535,4035700,BITO
1690761600000000000,6.575778124317469,6.582072886857276,6.48723363884909,6.49604606628418,4848100,BITO
1690848000000000000,6.4422540084344435,6.545536537487879,6.351881692910616,6.524019241333008,8029000,BITO
1690934400000000000,6.558446616467098,6.575660370956187,6.427622000268366,6.489591598510742,7107600,BITO
1691020800000000000,6.498198814273794,6.562750292330119,6.487009853105923,6.524019241333008,4353400,BITO
1691107200000000000,6.511110683099105,6.543386430332611,6.439673356618004,6.455165863037109,3815900,BITO
1691366400000000000,6.468076117031881,6.504655406882376,6.377703778013502,6.493896961212158,4344900,BITO
1691452800000000000,6.575662887403502,6.7176765188879015,6.542526510193288,6.683248996734619,10434400,BITO
1691539200000000000,6.691854614019132,6.691854614019132,6.5412339298443385,6.54553747177124,7128000,BITO
1691625600000000000,6.592874154658978,6.63160520503312,6.526170907019225,6.549839973449707,4327600,BITO
1691712000000000000,6.554144145216697,6.59072343077867,6.51067943881669,6.54553747177124,3769800,BITO
1691971200000000000,6.524019241333008,6.6229986394821,6.511109027803401,6.524019241333008,4633700,BITO
1692057600000000000,6.545535527337703,6.571356360820365,6.461618536733446,6.485287189483643,6533500,BITO
1692144000000000000,6.468076705932617,6.506807770525194,6.429345641340041,6.468076705932617,5025200,BITO
1692230400000000000,6.330364742125873,6.338971414812408,6.141013428530669,6.188351154327393,15669800,BITO
1692316800000000000,5.822559318191536,5.861290377868668,5.684849248591406,5.783828258514404,19668200,BITO
1692576000000000000,5.7709179554256815,5.816104327839867,5.727883764526105,5.7881317138671875,7225400,BITO
1692662400000000000,5.766613678466057,5.781676074290542,5.702062195137265,5.719275951385498,5582500,BITO
1692748800000000000,5.723579578946757,5.938751740483038,5.723579578946757,5.895717144012451,12893900,BITO
1692835200000000000,5.831165857157717,5.835469399032159,5.7192762308722775,5.766613960266113,5186300,BITO
1692921600000000000,5.796737470157634,5.826861437926244,5.699909844603843,5.745096206665039,8841100,BITO
1693180800000000000,5.774789982115502,5.798889568099012,5.730034135813944,5.749399662017822,5165200,BITO
1693267200000000000,5.749399785462529,6.244295984042169,5.749399785462529,6.166833877563477,58284700,BITO
1693353600000000000,6.067853979903166,6.0721571104154055,5.977481672614115,6.003302097320557,20488100,BITO
1693440000000000000,6.003303989745897,6.020517748445913,5.732186982414356,5.783828258514404,21074400,BITO
1693526400000000000,5.747235918958827,5.755845796485366,5.594406589891704,5.669744968414307,9380300,BITO
1693872000000000000,5.68696439733877,5.721404724105791,5.656829214057896,5.674049377441406,3843200,BITO
1693958400000000000,5.674049377441406,5.764024659272062,5.583643417037704,5.674049377441406,8771600,BITO
1694044800000000000,5.661133522556385,5.745082171998146,5.65252364679067,5.725709438323975,4175300,BITO
1694131200000000000,5.71709974211337,5.742930193198822,5.69126970158901,5.7386250495910645,4217600,BITO
1694390400000000000,5.6783538953513055,5.697726629744327,5.506152268036742,5.519067287445068,10778900,BITO
1694476800000000000,5.768760786903873,5.880692068072378,5.721405434360797,5.760150909423828,8113200,BITO
1694563200000000000,5.777370195379957,5.850555990343395,5.760150032480388,5.781675338745117,6952400,BITO
1694649600000000000,5.897911548614502,5.945267306218846,5.869928936852821,5.897911548614502,7934800,BITO
1694736000000000000,5.841946125030518,5.867776576523724,5.796743348118779,5.841946125030518,3333800,BITO
1694995200000000000,6.035673790998843,6.06537829852148,5.880691895300025,5.9280476570129395,7375000,BITO
1695081600000000000,6.009842510869113,6.095943324092813,5.951724307982717,6.022757530212402,5751700,BITO
1695168000000000000,5.9754017999182425,6.048587589075133,5.923741315318268,5.953876495361328,5086400,BITO
1695254400000000000,5.867776726439998,5.906522199389169,5.824726109705117,5.8849968910217285,3995600,BITO
1695340800000000000,5.884996337531929,5.906521643874893,5.8591658878081585,5.863471031188965,4323800,BITO
1695600000000000000,5.773064513718714,5.841945158894375,5.7623020668704035,5.820420265197754,4015600,BITO
1695686400000000000,5.773064910044636,5.807935913547177,5.755844747568542,5.798895359039307,3805100,BITO
1695772800000000000,5.90652147715516,5.917283924742323,5.76014989082783,5.798895359039307,5163100,BITO
1695859200000000000,5.854860934947659,6.052893006850446,5.846250648509642,6.009842395782471,8374000,BITO
1695945600000000000,5.953877554324635,5.979708006499374,5.878539180256183,5.945267677307129,4044500,BITO
1696204800000000000,6.275945654600158,6.34086906522821,6.09415960951404,6.176396369934082,9177100,BITO
1696291200000000000,6.063861249445442,6.089830445060828,6.003265771721338,6.007594108581543,4591400,BITO
1696377600000000000,6.059533169320304,6.146097846327435,6.016250624430269,6.098487377166748,4880400,BITO
1696464000000000000,6.189378878859543,6.219676405215686,6.025771410990696,6.0595316886901855,5868600,BITO
1696550400000000000,6.040055466785932,6.208856879800157,6.040055466785932,6.185051441192627,6931400,BITO
1696809600000000000,6.059531917385638,6.128783644683532,6.0119214580615505,6.089829444885254,4398100,BITO
1696896000000000000,6.046547669411972,6.098486467872088,6.016249727397247,6.033562660217285,5264500,BITO
1696982400000000000,5.97729641851643,5.985952679235699,5.834464195305845,5.890731334686279,7125300,BITO
1697068800000000000,5.88640277775543,5.89938737382457,5.840956072354138,5.877746105194092,3723700,BITO
1697155200000000000,5.921029671834448,5.929685933127823,5.8651951147617805,5.895060062408447,3144100,BITO
1697414400000000000,6.466387792783592,6.66548676968445,6.122293230121674,6.284602165222168,33507800,BITO
1697500800000000000,6.236990572665606,6.320525492443343,6.208857208725934,6.293257713317871,4536200,BITO
1697587200000000000,6.254303709335375,6.27204964330506,6.202364903848972,6.224006175994873,3462000,BITO
1697673600000000000,6.293258071332422,6.394971516313474,6.275945135744734,6.358181476593018,5784700,BITO
1697760000000000000,6.5183259611872035,6.574592686349689,6.470715083748776,6.531310558319092,8098700,BITO
1698019200000000000,6.752051470284835,6.946821685683524,6.7044405879326305,6.929509162902832,21067400,BITO
1698105600000000000,7.6003852808581325,7.625921890264814,7.334198757492724,7.435912609100342,36921600,BITO
1698192000000000000,7.604712213070976,7.769185679995806,7.5614296783251955,7.678292274475098,16367400,BITO
1698278400000000000,7.565758412780626,7.600384277291573,7.440239963508091,7.479194164276123,13609500,BITO
1698364800000000000,7.518148646325441,7.535461166455774,7.336362644455262,7.405614376068115,12549300,BITO
1698624000000000000,7.613368672631416,7.669635388348482,7.487849407926607,7.587399482727051,10682400,BITO
1698710400000000000,7.55277393390138,7.63500984292967,7.50516306248291,7.613368988037109,8504900,BITO
1698796800000000000,7.67445148815751,7.691902906302994,7.48684395812125,7.648273944854736,20233600,BITO
1698883200000000000,7.744259496714434,7.770437042287509,7.547925824493442,7.718081951141357,13341100,BITO
1698969600000000000,7.574104167002577,7.6853593592974905,7.561014978192342,7.604644775390625,11172400,BITO
1699228800000000000,7.735533243232336,7.774799977028979,7.667907848936348,7.726807117462158,4749300,BITO
1699315200000000000,7.656999990403748,7.955863565146237,7.604644898652531,7.914414882659912,18011400,BITO
1699401600000000000,7.783525655916184,7.8925997252735645,7.718081380735578,7.857696056365967,13128900,BITO
1699488000000000000,8.267814536752752,8.389976958100574,7.844606628028995,8.049666404724121,40294000,BITO
1699574400000000000,8.150014589533988,8.285266202430275,8.132562339008476,8.2241849899292,10866500,BITO
1699833600000000000,8.110747470974625,8.154377263037276,8.023487886849319,8.088932991027832,7669200,BITO
1699920000000000000,8.045303050410741,8.075843654639954,7.6177320946946185,7.739895343780518,19778700,BITO
1700006400000000000,7.949317598416536,8.350710192963321,7.914413930724167,8.289628982543945,18999800,BITO
1700092800000000000,8.040940860947464,8.112929316992545,7.80315934656188,7.9013261795043945,13314700,BITO
1700179200000000000,7.979859086485811,8.132562113504267,7.879510313084859,8.019124984741211,13268900,BITO
1700438400000000000,8.154378446940015,8.31580761918932,8.088934165428968,8.267815589904785,12925800,BITO
1700524800000000000,8.128198759300062,8.263451195761345,7.9667696130539625,8.102021217346191,20478700,BITO
1700611200000000000,8.023487075148152,8.28962803085385,7.949316685795858,8.28526496887207,14210300,BITO
1700784000000000000,8.267813409014611,8.498177751756094,8.267813409014611,8.337620735168457,13038000,BITO
1701043200000000000,8.023488042228664,8.117291805720754,8.006036624367086,8.027851104736328,10118300,BITO
1701129600000000000,8.189282488907782,8.477238006290746,8.163104109386257,8.394341468811035,15731400,BITO
1701216000000000000,8.328894068230465,8.337620191472908,8.193642486648256,8.21545696258545,11799900,BITO
1701302400000000000,8.228547094126817,8.254724634696904,8.163101994448082,8.23291015625,5931100,BITO
1701388800000000000,8.372153952820957,8.543463028988231,8.35458428525456,8.464397430419922,14038300,BITO
1701648000000000000,9.083742013799675,9.184769889724992,8.97173215491092,9.114489555358887,21862800,BITO
1701734400000000000,9.197946259248704,9.615235571436651,9.168076745024635,9.56691837310791,28494300,BITO
1701820800000000000,9.645986004328366,9.66355650922014,9.527388447540035,9.544958114624023,12748900,BITO
1701907200000000000,9.47467722034094,9.593275608048332,9.38682721440815,9.435144424438477,9733700,BITO
1701993600000000000,9.501033088366151,9.718463487570977,9.501033088366151,9.703089714050293,17963600,BITO
1702252800000000000,9.101312607607536,9.154023282666994,8.736733021686872,8.872901916503906,25910300,BITO
1702339200000000000,9.083744481225265,9.083744481225265,8.83337061731078,8.956360816955566,9267000,BITO
1702425600000000000,9.009071058480803,9.358276914107469,8.991500552075705,9.338510513305664,17117400,BITO
1702512000000000000,9.250655879880677,9.452712432000924,9.184768183379026,9.329721450805664,13838000,BITO
1702598400000000000,9.167200922195654,9.1891632141774,9.048602534755661,9.175985336303711,10252000,BITO
1702857600000000000,9.01785430505741,9.131181197606413,8.932199362104027,9.114489555358887,9748100,BITO
1702944000000000000,9.268231819659032,9.281408864009911,9.06178252154315,9.167203903198242,15240600,BITO
1703030400000000000,9.586123191166086,9.65469059641149,9.404752216001606,9.453413009643555,19795200,BITO
1703116800000000000,9.533037985023856,9.548520810391008,9.415368512233497,9.50207233428955,12970800,BITO
1703203200000000000,9.409175206180974,9.568427241801691,9.409175206180974,9.48437786102295,10587400,BITO
1703548800000000000,9.245500792913775,9.254348364755295,9.019892773460386,9.134908676147461,16317700,BITO
1703635200000000000,9.30300773435469,9.457835998997997,9.283101122650443,9.426870346069336,26937900,BITO
1703721600000000000,9.276463839652337,9.285311409003615,9.14817745906139,9.210108757019043,17059300,BITO
1703808000000000000,9.272041730556158,9.333973883456416,8.94468919915779,9.064128875732422,29153100,BITO
1704153600000000000,9.931172891214588,9.957714764239288,9.665751629714801,9.683445930480957,20878600,BITO
1704240000000000000,9.050858087148738,9.38042295383661,9.050858087148738,9.201263427734375,33315500,BITO
1704326400000000000,9.325125437348234,9.67017307826437,9.30300735579943,9.519767761230469,23038500,BITO
1704412800000000000,9.422446688363197,9.566216757478793,9.267618421624272,9.471107482910156,23857500,BITO
1704672000000000000,9.69229152711933,10.195706979754707,9.621512650979998,10.108118057250977,35638400,BITO
1704758400000000000,10.05945811350007,10.125813210018704,9.983371194908957,10.050610542297363,22852700,BITO
1704844800000000000,9.727683560807975,10.041765645764091,9.58612577075772,9.89136028289795,61860100,BITO
1704931200000000000,10.240828033974788,10.541638673417799,9.727680770366385,9.87808609008789,88598800,BITO
1705017600000000000,9.780766794581846,9.800673408775397,9.192416784112364,9.316279411315918,45976300,BITO
1705363200000000000,9.143755385226681,9.28531314633069,8.971231969350024,9.249923706054688,24901100,BITO
1705449600000000000,9.081825853570333,9.187994195182213,9.015469901780804,9.148180961608887,17551800,BITO
1705536000000000000,9.088458313979208,9.165872442238966,8.665996548867282,8.723504066467285,25175200,BITO
1705622400000000000,8.76774066989911,8.999983887757052,8.606276321412148,8.88718032836914,19460600,BITO
1705881600000000000,8.657148718072461,8.719080018814712,8.404998886478225,8.577522277832031,26299600,BITO
1705968000000000000,8.285560547914464,8.471355323531776,8.232476808452846,8.369610786437988,18044800,BITO
1706054400000000000,8.542134144690896,8.590794941977721,8.431542037221437,8.45366096496582,14753200,BITO
1706140800000000000,8.542133512856028,8.568676224186008,8.444812769231708,8.502320289611816,13602700,BITO
1706227200000000000,8.78985911610584,9.024313791745769,8.769952507442955,8.980076789855957,18257500,BITO
1706486400000000000,8.95353668138227,9.252135869859865,8.918147241683162,9.218957901000977,14373200,BITO
1706572800000000000,9.254346026421526,9.333972465373876,9.232227946157286,9.298583030700684,16522500,BITO
1706659200000000000,9.112789647473278,9.351668156223369,9.064128851130324,9.077400207519531,18090600,BITO
1706745600000000000,9.048590641983111,9.244418105768766,9.035084973959151,9.179141998291016,14717100,BITO
1706832000000000000,9.111611004798204,9.282679283119759,9.110711142550144,9.161130905151367,8925500,BITO
1707091200000000000,9.246667413039455,9.26017221939736,9.01482488634239,9.026079177856445,7201000,BITO
1707177600000000000,9.152127989471868,9.2624220891574,9.134121297702203,9.192644119262695,6601900,BITO
1707264000000000000,9.197147051657774,9.46275243994926,9.149878514414551,9.43124008178711,9838700,BITO
1707350400000000000,9.611310537037985,9.791381753885737,9.577546808220843,9.714851379394531,12545400,BITO
1707436800000000000,10.034479525753234,10.3000840600249,9.993963390653896,10.147024154663086,20880200,BITO
1707696000000000000,10.29108132587482,10.76376843226989,10.282077549326036,10.723252296447754,18818700,BITO
1707782400000000000,10.46214860372623,10.570191344476125,10.331597280646209,10.547682762145996,15529000,BITO
1707868800000000000,11.04287928069488,11.132914468495299,10.945640041418207,11.056384086608887,16483000,BITO
1707955200000000000,11.204942962194584,11.303982785016634,11.020369839759244,11.056384086608887,17783700,BITO
1708041600000000000,11.168928850388056,11.216198247600737,11.024871861247696,11.078893661499023,13202800,BITO
1708387200000000000,11.164427001021359,11.1824345540503,10.82679310955522,11.101402282714844,13097100,BITO
1708473600000000000,10.85830606816967,10.96004633614197,10.793029977968974,10.849302291870117,9987000,BITO
1708560000000000000,10.880815408040846,11.103654164413319,10.862807854187647,11.074392318725586,11399900,BITO
1708646400000000000,10.889820376257703,10.925834629256444,10.770522465548257,10.87181282043457,9199800,BITO
1708905600000000000,10.934838864522188,11.713647654848685,10.934838864522188,11.614607810974121,24040300,BITO
1708992000000000000,12.096296758318687,12.258360435584189,11.965744580245032,12.123307228088379,23197800,BITO
1709078400000000000,12.794076234027935,13.649415428216644,12.605001181952742,12.807581901550293,72413900,BITO
1709164800000000000,13.455835867604176,13.521111959950673,12.812080438029524,13.15871810913086,40650100,BITO
1709251200000000000,13.25843260011544,13.466173022402254,12.9906787672331,13.387693405151367,27870800,BITO
1709510400000000000,13.867806673998908,14.467944408568124,13.867806673998908,14.375615119934082,40152400,BITO
1709596800000000000,14.357149268846184,14.762473404783938,12.667529864064472,13.138406753540039,84052700,BITO
1709683200000000000,14.15402521717819,14.347916009763534,13.858572916292832,14.232504844665527,23411600,BITO
1709769600000000000,14.31559931752429,14.479482941098937,14.154023529548814,14.361763954162598,18464400,BITO
1709856000000000000,14.491025519743763,14.961903281801892,14.057080175588835,14.680299758911133,45517100,BITO
1710115200000000000,15.372763193706843,15.478941229096257,15.118859042903098,15.312748908996582,24019400,BITO
1710201600000000000,15.3358335513428,15.529723430154721,14.560270514026463,15.13732624053955,34999700,BITO
1710288000000000000,15.423547277885014,15.598972733332184,15.215806838675805,15.534342765808105,17407900,BITO
1710374400000000000,15.37738567224257,15.421240721470697,14.491026927820048,14.666452407836914,42225300,BITO
1710460800000000000,14.361765414300976,14.948054334024999,14.274052683822294,14.624902725219727,28848200,BITO
1710720000000000000,14.384844785563466,14.509489031262461,14.07554288726437,14.135557174682617,21446900,BITO
1710806400000000000,13.47078937996151,13.918584318695212,13.149946528343925,13.581583976745605,24851900,BITO
1710892800000000000,13.401542707951215,13.96705662389339,13.11532267593536,13.900118827819824,23632200,BITO
1710979200000000000,14.287903511634031,14.301752288806721,13.69007360269902,13.757011413574219,20993500,BITO
1711065600000000000,13.53080486552889,13.563119851150558,13.212270681100442,13.46155834197998,14937900,BITO
1711324800000000000,14.12632722509097,15.02191814075464,14.121710672680853,14.994218826293945,19166000,BITO
1711411200000000000,14.888039556823834,14.971135732442358,14.611052598267843,14.638751029968262,14632200,BITO
1711497600000000000,15.105015810422056,15.123480260845948,14.38023285998,14.431014060974121,24538300,BITO
1711584000000000000,15.00345064767774,15.11886180650603,14.841875729731946,14.911121368408203,16802000,BITO
1711929600000000000,14.717284099211014,14.755572931897103,14.296106939664044,14.664636611938477,13986500,BITO
1712016000000000000,13.606907356484877,13.932362898362722,13.544687431367041,13.836640357971191,16507300,BITO
1712102400000000000,13.803138149493186,14.0687673396742,13.774421751680539,13.827068328857422,8646400,BITO
1712188800000000000,14.133381861741645,14.578489284080556,14.10466454710459,14.372687339782715,12002100,BITO
1712275200000000000,14.028084413803391,14.41097365943274,14.028084413803391,14.123806953430176,11770500,BITO
1712534400000000000,15.172921407267378,15.18632245299758,14.951803239841267,15.071455955505371,11915100,BITO
1712620800000000000,14.817795051753144,14.89915895239258,14.305681464795855,14.463623046875,10698500,BITO
1712707200000000000,14.176454884811431,14.702926130588164,14.133379831920196,14.693354606628418,17122700,BITO
1712793600000000000,14.86564872533001,14.887186244270806,14.576089458475147,14.789071083068848,10287300,BITO
1712880000000000000,14.712498649342674,14.755573702473743,13.664340544616364,14.013727188110352,24975500,BITO
1713139200000000000,13.89503118118371,13.958687065007775,13.056505426521314,13.247949600219727,14721800,BITO
1713225600000000000,13.247949397526803,13.286238231680668,12.927280069159,13.142654418945312,10160000,BITO
1713312000000000000,13.051717986329969,13.190514656939717,12.472598388114672,12.750192642211914,14154800,BITO
1713398400000000000,13.085224202631588,13.441788869786883,12.946426580924753,13.291027069091797,9383100,BITO
1713484800000000000,13.54468573447918,13.635622045170788,13.286236368405246,13.44896411895752,10218300,BITO
1713744000000000000,13.803137168029913,13.985008891748576,13.726559504055976,13.894073486328125,9818200,BITO
1713830400000000000,13.831854919417612,14.042443972424,13.807924739409597,13.884502410888672,5901400,BITO
1713916800000000000,13.774422531105236,13.84621398613808,13.286239176277276,13.329314231872559,9897900,BITO
1714003200000000000,13.171372075234956,13.535116465691258,13.094794404915508,13.506399154663086,7936000,BITO
1714089600000000000,13.291024244590476,13.520278897995015,13.180943962209598,13.257521629333496,7664400,BITO
1714348800000000000,13.013431698634406,13.171373272130301,12.831559030440392,13.118725776672363,5918800,BITO
1714435200000000000,12.702332316686565,12.798053938353325,12.242865428901778,12.257224082946777,13204900,BITO
1714521600000000000,11.991377432048003,12.365307380498889,11.750628213937258,11.812095642089844,20276100,BITO
1714608000000000000,12.216757194355383,12.411405303659032,12.11431020398068,12.36018180847168,7672900,BITO
1714694400000000000,12.744356857516204,12.964617208113104,12.734112939842598,12.918516159057617,8522100,BITO
1714953600000000000,13.220734679308093,13.374405179726205,13.044014629684618,13.143899917602539,7638100,BITO
1715040000000000000,13.246345333010094,13.400014838035272,13.072186039577884,13.118287086486816,5992900,BITO
1715126400000000000,12.887782452022936,13.072186648244886,12.83655895562718,12.918516159057617,5703500,BITO
1715212800000000000,12.739235545870306,13.059381181073041,12.647033446610807,12.990229606628418,7056200,BITO
1715299200000000000,13.061940567820178,13.137238485172137,12.508729006381008,12.621419906616211,10976400,BITO
1715558400000000000,13.082432924460806,13.215612661344158,13.015842079012094,13.154145240783691,5842500,BITO
1715644800000000000,12.887783926285131,12.959496243238362,12.703379708968773,12.795581817626953,4944300,BITO
1715731200000000000,13.37440407183874,13.84514554683745,13.312935681361916,13.748333930969238,14411500,BITO
1715817600000000000,13.748337348955623,13.830294571962233,13.440997274177251,13.569055557250977,6815800,BITO
1715904000000000000,13.799558051056483,14.060797012637416,13.6868661595861,13.94298267364502,9684700,BITO
1716163200000000000,13.93273777649164,14.608885169770145,13.876391834716133,14.583272933959961,9396700,BITO
1716249600000000000,14.772800337304838,14.836829464641628,14.380942390645904,14.398870468139648,7868900,BITO
1716336000000000000,14.506440501793078,14.71133353602605,14.388627129235003,14.480829238891602,6222100,BITO
1716422400000000000,14.398871252040866,14.42960496127378,13.850782048520061,13.9327392578125,7309300,BITO
1716508800000000000,14.02494064683731,14.41936033453575,13.912249726212194,14.378381729125977,5615700,BITO
1716854400000000000,14.199099803701271,14.232395225535331,13.948105726275529,14.193977355957031,4803400,BITO
1716940800000000000,14.075652123769983,14.101776314324201,13.919932837809638,13.948105812072754,3841900,BITO
1717027200000000000,14.163245171887048,14.45009543740938,14.122266562526717,14.2759370803833,7574600,BITO
1717113600000000000,14.24007715606169,14.270811839823647,13.77394519941481,13.973716735839844,10617900,BITO
1717372800000000000,14.482011756443613,14.591557358540355,14.238271564239119,14.328646659851074,9669700,BITO
1717459200000000000,14.383420570011804,14.758616126866615,14.334124681407314,14.607990264892578,7516300,BITO
1717545600000000000,14.739448580207338,14.903767545418354,14.575129614996323,14.77231216430664,6188200,BITO
1717632000000000000,14.739444200648748,14.868161346803928,14.586079112564152,14.591556549072266,4764000,BITO
1717718400000000000,14.81065065216234,14.876377804477535,14.125986721379263,14.328646659851074,8724100,BITO
1717977600000000000,14.323170681498818,14.536786560060307,14.301261976734311,14.366989135742188,4962200,BITO
1718064000000000000,13.879508506662619,13.989055163088889,13.654938801231676,13.928804397583008,6791000,BITO
1718150400000000000,14.328647956421953,14.498444334100702,13.890463418956037,13.961668014526367,8419700,BITO
1718236800000000000,14.076691087444036,14.131463367118373,13.665892721600894,13.764483451843262,7856000,BITO
1718323200000000000,13.912918366178687,13.928803246429142,13.43036798584033,13.523482322692871,7119500,BITO
1718582400000000000,13.561823953972398,13.91072823440103,13.424891160872573,13.780916213989258,6331000,BITO
1718668800000000000,13.381070595335142,13.487877989928538,13.20579681500607,13.266046524047852,6669300,BITO
1718841600000000000,13.479664346425846,13.522934322968812,13.307128736400077,13.408458709716797,6318600,BITO
1718928000000000000,13.118160793980142,13.282479712747,13.063387472819787,13.255093574523926,6024900,BITO
1719187200000000000,12.614246101948968,12.718314246320723,12.148674513632555,12.197970390319824,16587800,BITO
1719273600000000000,12.636157573851325,12.868943941465641,12.5649529834029,12.773090362548828,12954200,BITO
1719360000000000000,12.685451890665927,12.77308878100412,12.499223237518734,12.559473991394043,5496800,BITO
1719446400000000000,12.695860347792188,12.863465940079665,12.630679582680438,12.647111892700195,5218300,BITO
1719532800000000000,12.64711270730166,12.732011414134073,12.312996361712363,12.329428672790527,10778500,BITO
1719792000000000000,12.970931967590358,13.152876850546084,12.859416856344769,13.000277519226074,12910800,BITO
1719878400000000000,12.929847103270916,12.988538203617995,12.689210009572749,12.730294227600098,5981600,BITO
1719964800000000000,12.378140526033235,12.519001164801505,12.301840313704059,12.419224739074707,4561700,BITO
1720137600000000000,11.418529113861704,11.735466466708855,11.377444890965469,11.597539901733398,19552100,BITO
1720396800000000000,11.773616001144338,11.808832010490157,11.304080404478418,11.603409767150879,13741800,BITO
1720483200000000000,11.767745171074491,11.996644724894269,11.714922283228466,11.902737617492676,8911700,BITO
1720569600000000000,11.932083234201627,11.935017341559822,11.785353238149241,11.79122257232666,7173600,BITO
1720656000000000000,12.090551898608853,12.13457022574795,11.75307245990395,11.79122257232666,7814900,BITO
1720742400000000000,11.844044117749187,12.04653108634035,11.823502010187514,11.867520332336426,8204500,BITO
1721001600000000000,12.923979846556634,13.152878309190802,12.84767961270447,13.035493850708008,13611400,BITO
1721088000000000000,13.141138537986066,13.419925763919435,12.965062984481342,13.41112232208252,10319900,BITO
1721174400000000000,13.323084230726128,13.449272118227173,13.117662010180632,13.276130676269531,7465800,BITO
1721260800000000000,13.323083281225546,13.358298164693062,12.982669755810335,13.041360855102539,7094200,BITO
1721347200000000000,13.176356192598423,13.880659614185696,13.170486857485878,13.816099166870117,11495400,BITO
1721606400000000000,13.880658457575512,14.018585022574525,13.663498673812297,14.015649795532227,6905700,BITO
1721692800000000000,13.669368475959347,13.82783603836882,13.428730226010716,13.452207565307617,9498000,BITO
1721779200000000000,13.698713448275017,13.78675122797353,13.45220699344252,13.475683212280273,6301600,BITO
1721865600000000000,13.188090087462404,13.36416673364453,12.988537226799203,13.246782302856445,6464400,BITO
1721952000000000000,13.833702982774145,13.992171637261906,13.710450331146529,13.945218086242676,6837200,BITO
1722211200000000000,14.2915028372773,14.297372171864534,13.596002920875842,13.75153636932373,11833800,BITO
1722297600000000000,13.616543334870183,13.6928424360712,13.387643792345196,13.469813346862793,6819200,BITO
1722384000000000000,13.557850131782118,13.666430001578076,13.269671793529932,13.31721305847168,8494300,BITO
1722470400000000000,13.189953997990102,13.271450332385381,12.704106372994469,12.920387268066406,9110800,BITO
1722556800000000000,13.240106314134904,13.39683105120901,12.732317305100112,12.757393836975098,12462600,BITO
1722816000000000000,10.143226818295952,11.340603907900476,10.12441941634228,10.914312362670898,24236000,BITO
1722902400000000000,11.252836558785537,11.66032063453531,11.10237975951915,11.597630500793457,10242000,BITO
1722988800000000000,11.685396304113642,11.741817306520126,11.15566711009153,11.158801078796387,11338200,BITO
1723075200000000000,11.804506346557826,12.240200894707009,11.57882235787604,12.16183853149414,11706600,BITO
1723161600000000000,12.321699171809492,12.475288743452184,12.155570138603412,12.412598609924316,9686700,BITO
1723420800000000000,12.143035674972271,12.393795067194405,11.804509598686064,12.036462783813477,10249100,BITO
1723507200000000000,12.011383668489705,12.575592478810838,12.005741090143406,12.412598609924316,5557400,BITO
1723593600000000000,12.387521977346728,12.4314047075086,11.970633649379495,11.998844146728516,5277500,BITO
1723680000000000000,12.055266720777547,12.21199146086789,11.560017163863803,11.635244369506836,8251000,BITO
1723766400000000000,11.954962585969488,12.224529321291836,11.766893382389394,12.193184852600098,5604900,BITO
1724025600000000000,11.973772636829167,12.096644320517727,11.8440040684431,12.036462783813477,4837800,BITO
1724112000000000000,12.337371679636723,12.440809385892084,11.936156729311909,12.130495071411133,7658100,BITO
1724198400000000000,12.130495055163825,12.569323607565115,12.005114785497817,12.55678653717041,6895000,BITO
1724284800000000000,12.393794797408269,12.425139272360571,12.243339165350083,12.287221908569336,4497600,BITO
1724371200000000000,12.443943900361717,13.02006320891492,12.381253768718912,12.970539093017578,11118100,BITO
1724630400000000000,13.008151760632009,13.02069002520415,12.83888877605225,12.901578903198242,5369900,BITO
1724716800000000000,12.694703142983345,12.70724140836772,12.494095679692544,12.644551277160645,6388800,BITO
1724803200000000000,12.168108480610941,12.211991215640655,11.766893536665165,11.973770141601562,10751500,BITO
1724889600000000000,12.249605258296242,12.437674452748608,11.967500270902914,12.04272747039795,9660200,BITO
1724976000000000000,12.099148603295601,12.168107866700188,11.723010210180961,11.911079406738281,8959200,BITO
1725321600000000000,12.01083559624573,12.01083559624573,11.65599998177004,11.776510238647461,9803200,BITO
1725408000000000000,11.455151201203176,11.890326165865885,11.381505755332213,11.79659652709961,7811900,BITO
1725494400000000000,11.481930900332193,11.622526639733142,11.307860653772757,11.361420631408691,8055700,BITO
1725580800000000000,11.522099864386098,11.548880490062524,10.785650535871566,10.839210510253906,10673700,BITO
1725840000000000000,11.260993305419598,11.629219186367191,11.127094029868907,11.60913372039795,9166400,BITO
1725926400000000000,11.562270349518919,11.787222743892075,11.468539440297333,11.776510238647461,5701900,BITO
1726012800000000000,11.52879477718126,11.783205607849103,11.260994910928652,11.69616985321045,7489800,BITO
1726099200000000000,11.709561045604293,11.897021604551863,11.629221718177181,11.850156784057617,6246800,BITO
1726185600000000000,11.716254088510023,12.194946857712491,11.706211993636101,12.13134479522705,8726400,BITO
1726444800000000000,11.870240372134578,11.880283745278769,11.656000473959484,11.749730110168457,6066400,BITO
1726531200000000000,12.030919739993598,12.466095949650487,11.957275576504502,12.171515464782715,10714200,BITO
1726617600000000000,12.144735429882964,12.446011085507507,12.004140975238526,12.178211212158203,8646600,BITO
1726704000000000000,12.834320068359373,12.968220631492667,12.713809816933493,12.834320068359375,8260500,BITO
1726790400000000000,12.760676787243629,12.894577373003498,12.652218564209345,12.74728775024414,5758700,BITO
1727049600000000000,12.841015815734863,12.944787543821525,12.78076068724627,12.841015815734863,4845600,BITO
1727136000000000000,12.874489561397729,13.068645247753944,12.70711449811288,13.055254936218262,6002100,BITO
1727222400000000000,12.881185380146684,12.981610167892274,12.760675124063793,12.807539939880371,4234400,BITO
1727308800000000000,13.061951195265436,13.363225568443108,13.00839122156915,13.128901481628418,8027500,BITO
1727395200000000000,13.30966567993164,13.510516540306078,13.252758766189713,13.30966567993164,11135500,BITO
1727654400000000000,12.948135395093676,12.981609897989413,12.753979702781196,12.847710609436035,7937500,BITO
1727740800000000000,12.820025497511118,12.841321708979095,12.337322202469023,12.486392974853516,11245200,BITO
1727827200000000000,12.308929905420056,12.628366341386904,12.138564257553009,12.16695785522461,7711100,BITO
1727913600000000000,12.230843885377194,12.351519709456966,12.110168061297424,12.337322235107422,6171100,BITO
1728000000000000000,12.436703791169304,12.646821276509586,12.280534273812473,12.614168167114258,5808800,BITO
1728259200000000000,12.756138426584155,13.054278622304695,12.678055024476992,12.798730850219727,6430700,BITO
1728345600000000000,12.649659377596409,12.79163140732536,12.489941182637743,12.578673362731934,6843100,BITO
1728432000000000000,12.500589781990445,12.6141668625332,12.269885575543578,12.31602668762207,5583900,BITO
1728518400000000000,12.337322189513847,12.344420926662385,11.879465151971347,12.060478210449219,8612900,BITO
1728604800000000000,12.408307336972431,12.830673367046915,12.408307336972431,12.763236045837402,8007200,BITO
1728864000000000000,13.089775051832511,13.41630891112796,13.068478835551774,13.324028015136719,9677500,BITO
1728950400000000000,13.324027169779503,13.757039375113763,13.099001362589242,13.544082641601562,11406900,BITO
1729036800000000000,13.7357426693567,13.820924809742872,13.572475771995116,13.678954124450684,6649900,BITO
1729123200000000000,13.536981556199564,13.67895358988932,13.458896802275632,13.494390487670898,6041500,BITO
1729209600000000000,13.6931507684876,13.95934731045093,13.678953294635939,13.856417655944824,10171100,BITO
1729468800000000000,13.714446457287304,13.714446457287304,13.48019354030677,13.678954124450684,8824200,BITO
1729555200000000000,13.55117965978957,13.664756750438597,13.437602569140543,13.62216567993164,6108100,BITO
1729641600000000000,13.423405498399582,13.50149025830097,13.146561500852128,13.395011901855469,9757100,BITO
1729728000000000000,13.622166038334163,13.781884249369618,13.571765407589492,13.771235466003418,8008600,BITO
1729814400000000000,13.72154643444938,13.896171598148648,13.281434156202273,13.458898544311523,15190400,BITO
1730073600000000000,13.913207141484598,14.119065110519646,13.799630050855804,14.048080444335938,12549900,BITO
1730160000000000000,14.381714415210512,14.89281137408668,14.317827126107758,14.651459693908691,17098600,BITO
1730246400000000000,14.516587117777366,14.6514590744512,14.42430488011022,14.52368450164795,11475900,BITO
1730332800000000000,14.53788089270522,14.54497962999201,14.083572537916211,14.111966133117676,11742000,BITO
1730419200000000000,14.129900131039014,14.458676633101694,13.857165580252776,13.958040237426758,14770500,BITO
1730678400000000000,13.793651417842355,13.845957904676093,13.517181399179933,13.53959846496582,11505500,BITO
1730764800000000000,13.95804007848379,14.204622095921415,13.845957602413234,13.995400428771973,12813300,BITO
1730851200000000000,14.98172780156941,15.433796000179758,14.817340272660337,15.34786605834961,23669800,BITO
1730937600000000000,15.123700321536296,15.519726588615265,15.034034911197738,15.4450044631958,12460000,BITO
1731024000000000000,15.370281393364445,15.601918685246664,15.259693965728093,15.46742057800293,10982500,BITO
1731283200000000000,16.506055971828072,17.653036199221308,16.468695618737563,17.567106246948242,30678900,BITO
1731369600000000000,17.38030101170104,18.14619962441104,17.193496402493427,18.075214385986328,23886500,BITO
1731456000000000000,18.120047093138457,18.852320819182847,18.00049225726207,18.075214385986328,24749200,BITO
1731542400000000000,18.374102294355414,18.4936571355587,17.597742634544833,17.61941146850586,16020000,BITO
1731628800000000000,17.9706012896831,18.441349662503303,17.66050640618301,18.42640495300293,13371400,BITO
1731888000000000000,18.187297812325276,18.672989536482927,18.045325902886347,18.433879852294922,17070100,BITO
1731974400000000000,18.44882377215817,18.979348183032982,18.3591569318325,18.64310073852539,19092200,BITO
1732060800000000000,19.046598276789663,19.143737474207388,18.762655890535136,18.994293212890625,15902600,BITO
1732147200000000000,19.57712537664139,19.95447009410457,19.21845941153246,19.748985290527344,20992500,BITO
1732233600000000000,19.636900752168074,20.070287382324008,19.51734591800134,19.943260192871094,14760000,BITO
1732492800000000000,19.562180878504762,19.58459652174002,18.94348318645861,19.039127349853516,12801800,BITO
1732579200000000000,18.508599570339285,19.046596289577163,18.205975614089635,18.232128143310547,11759800,BITO
1732665600000000000,19.009236519500252,19.565913430100686,18.9419867493973,19.42020606994629,11259500,BITO
1732838400000000000,19.577121725687583,19.913369134687017,19.50987195884651,19.53228759765625,10483700,BITO
1733097600000000000,19.249528962698758,19.575792215682164,18.923265709715352,19.1873836517334,12870900,BITO
1733184000000000000,18.868887915145585,19.32798650928753,18.75236416577427,19.164077758789062,6279500,BITO
1733270400000000000,19.21845207181957,19.90981871580293,18.96132613522453,19.847673416137695,9010900,BITO
1733356800000000000,20.62449503558618,20.801609846164105,19.571908137840992,19.801069259643555,17151700,BITO
1733443200000000000,19.87875078258155,20.44582694065055,19.746691809173324,20.290464401245117,10001600,BITO
1733702400000000000,19.81660299292558,20.11179281805271,19.195148468017578,19.195148468017578,10072000,BITO
1733788800000000000,19.606860597663633,19.661237549753306,18.841695390416838,19.272829055786133,7720500,BITO
1733875200000000000,19.72338593890821,20.348723949211355,19.69231402498749,20.26715850830078,9415100,BITO
1733961600000000000,20.274926958481057,20.51573984879857,19.82437309192197,19.94866371154785,6421300,BITO
1734048000000000000,20.07295423089787,20.391449127305762,19.91759021631112,20.26715850830078,6329900,BITO
1734307200000000000,20.83423345178922,21.556673559497597,20.79539319119325,21.12165641784668,11282000,BITO
1734393600000000000,21.541140213838784,21.65766249541551,21.106123004510447,21.30032730102539,7843400,BITO
1734480000000000000,20.86531077980271,20.95852801547377,19.948666232956867,20.04188346862793,12002000,BITO
1734566400000000000,20.422521122027202,20.519623254068044,19.039786228367667,19.202917098999023,14276200,BITO
1734652800000000000,18.9621042264028,19.509760191846713,18.915495617888265,19.202917098999023,12078000,BITO
1734912000000000000,19.00199801894518,19.034534879146925,18.363446428377706,18.497663497924805,12744000,BITO
1734998400000000000,19.286702412205205,19.77476775389451,19.21349408489291,19.725961685180664,8575500,BITO
1735171200000000000,19.010134698231557,19.21349513913404,18.904386400112728,18.977596282958984,6901600,BITO
1735257600000000000,19.148418281384817,19.148418281384817,18.4976639932391,18.757965087890625,11061200,BITO
1735516800000000000,18.400052440759236,18.81490635378978,18.050272251933876,18.701025009155273,9958000,BITO
1735603200000000000,18.993866350966787,19.09147849817201,18.473262543642882,18.53020477294922,6930500,BITO
1735776000000000000,19.164684081350988,19.445322432468682,19.034533546621557,19.31110382080078,9496000,BITO
1735862400000000000,19.254164483619054,19.67715452641869,19.172820005924223,19.522600173950195,6321900,BITO
1736121600000000000,19.636484468894583,20.401120191946433,19.603947603827002,20.279104232788086,8698800,BITO
1736208000000000000,19.99439686059837,20.01066606691089,19.010133151444574,19.067073822021484,10424000,BITO
1736294400000000000,18.87998259352941,19.010134703136252,18.2780358744848,18.579010009765625,7174400,BITO
1736467200000000000,18.70102417922527,18.97759447664973,18.245497269386057,18.74983024597168,7436500,BITO
1736726400000000000,17.98519592549164,18.546469563985852,17.64761688573697,18.497663497924805,9902700,BITO
1736812800000000000,19.140283698910913,19.24603043690847,18.847444191353198,19.067073822021484,5864900,BITO
1736899200000000000,19.522602436319005,19.95372713200052,19.51040130628176,19.70155906677246,6677700,BITO
1736985600000000000,19.6771568034143,19.91305410935826,19.229762900079756,19.85611343383789,6639300,BITO
1737072000000000000,20.36044998720585,21.011202844143032,20.262836282906676,20.73463249206543,10435500,BITO
1737417600000000000,20.791571727093434,21.230831038614273,20.3018803526691,20.994932174682617,11430300,BITO
1737504000000000000,20.669555786806356,20.7834371410698,20.409254661908715,20.596345901489258,7682400,BITO
1737590400000000000,20.222163669051596,21.125083013116843,20.197759856475795,20.360448837280273,20562300,BITO
1737676800000000000,20.824106917294415,21.1982893381607,20.677687169471316,20.69395637512207,9664300,BITO
1737936000000000000,19.87238335185256,20.197759760396618,19.477863583764517,19.969995498657227,13549400,BITO
1738022400000000000,20.25470055775003,20.4905994250379,19.961862564086914,19.961862564086914,7463400,BITO
1738108800000000000,20.165222512256378,20.710227016516967,20.00253353531612,20.588211059570312,7516100,BITO
1738195200000000000,20.718360662582572,21.04373860141892,20.677689195986527,20.71022605895996,8132600,BITO
1738281600000000000,20.653285744961153,20.942058748285557,19.978129147691362,20.002532958984375,8941000,BITO
1738540800000000000,18.672301310469763,20.152216500969338,18.613104960926506,19.949256896972656,14315200,BITO
1738627200000000000,19.54333732307271,19.873146471769914,19.289636613092192,19.450313568115234,11297800,BITO
1738713600000000000,19.450314326002673,19.54333808458485,18.985198759050963,19.19661521911621,6903100,BITO
1738800000000000000,19.357287749110007,19.49259413481356,18.81606220629579,19.069761276245117,8666700,BITO
1738886400000000000,19.653270877571945,19.746294621686786,18.803377549998636,18.841432571411133,11142500,BITO
1739145600000000000,19.238894618229775,19.29386334020178,19.052848745451314,19.162784576416016,5097500,BITO
1739232000000000000,19.061307225376165,19.15010174408942,18.6384743404794,18.723039627075195,5096600,BITO
1739318400000000000,18.621561665299105,19.219446403932412,18.570820554966957,19.07822036743164,6856500,BITO
1739404800000000000,18.858345492576255,18.968282942836197,18.70612701318307,18.92599868774414,7133100,BITO
1739491200000000000,19.002110399693564,19.48414127212236,18.9217727274452,19.12896156311035,5848300,BITO
1739836800000000000,18.942914017025448,18.98096904338762,18.291750949485873,18.477798461914062,7775900,BITO
1739923200000000000,18.934453830875395,18.997879401302793,18.723037413423086,18.87525749206543,5396800,BITO
1740009600000000000,19.213526683118115,19.412258665248274,19.002110229951402,19.348833084106445,5232500,BITO
1740096000000000000,19.458767897766297,19.522191857306638,18.553905859297856,18.570817947387695,10244200,BITO
1740355200000000000,18.714580575656736,18.79914746528995,18.367857779841902,18.443967819213867,7418600,BITO
1740441600000000000,17.47145708624571,17.479913938668364,16.8118371140957,17.268497467041016,20330100,BITO
1740528000000000000,16.794922649155954,17.33614822389486,16.109932216525152,16.549678802490234,17915100,BITO
1740614400000000000,16.91331391514933,16.94629450307267,16.194497751159624,16.346717834472656,10656900,BITO
1740700800000000000,16.067648889345282,16.718811889344323,15.898515097949895,16.524309158325195,11229700,BITO
1740960000000000000,18.271563400163807,18.28912417101627,16.66478971028395,16.86673355102539,19396800,BITO
1741046400000000000,16.217002090135356,17.42866863252838,15.962377580302757,17.01599884033203,14177300,BITO
1741132800000000000,17.595491393460605,17.753533315372408,17.156482147212834,17.72719383239746,9924000,BITO
1741219200000000000,17.613052259243858,17.93352884022438,17.191603742449274,17.446229934692383,8171500,BITO
1741305600000000000,17.455007234851728,17.856262336838803,16.928197468815508,17.024778366088867,14626500,BITO
1741564800000000000,16.181880948472873,16.23456158866684,15.128258096469475,15.42678451538086,13205100,BITO
1741651200000000000,15.94481588115176,16.375044746676725,15.466295730009854,16.234561920166016,5885900,BITO
1741737600000000000,16.313584584305193,16.40138677420121,15.756042604356105,16.22578239440918,5895400,BITO
1741824000000000000,16.217001820353488,16.26090375213738,15.6199506202797,15.67263126373291,5185000,BITO
1741910400000000000,16.322362928447813,16.708691510838896,16.181880112066924,16.568208694458008,5039100,BITO
1742169600000000000,16.208221094436997,16.58576932643159,16.120420582083543,16.53308868408203,7013700,BITO
1742256000000000000,16.10285844939592,16.12041922025808,15.84823229595649,16.094078063964844,3797200,BITO
1742342400000000000,16.41894754300546,16.827226302435307,16.353095481928072,16.71747398376465,7030500,BITO
1742428800000000000,16.647230706038357,16.92819804543217,16.34343737655116,16.45406723022461,4199200,BITO
1742515200000000000,16.357483472403814,16.50674668032396,16.247731162894514,16.410165786743164,2645900,BITO
1742774400000000000,17.051119348690666,17.358426158839062,17.0467299930501,17.253063201904297,3976200,BITO
1742860800000000000,17.11258019019072,17.266234430942177,17.009851517629375,17.235502243041992,3410900,BITO
1742947200000000000,17.112580759598472,17.182822174234623,16.761373686417723,16.91063690185547,2903800,BITO
1743033600000000000,16.857956907343254,17.112581417175853,16.752593943996583,17.01599884033203,4368200,BITO
1743120000000000000,16.63844953749651,16.69113017317814,16.278462123412126,16.38382339477539,4530300,BITO
1743379200000000000,16.094080832498136,16.38382690281725,15.918476443043343,16.08530044555664,4605500,BITO
1743465600000000000,16.31906710515503,16.708683837816896,16.077238091512413,16.560897827148438,6223200,BITO
1743552000000000000,16.52507400492401,17.071430280977903,16.48476887970806,16.954994201660156,5779300,BITO
1743638400000000000,15.978715871652522,16.13814431082876,15.8264522565165,15.969758987426758,6826400,BITO
1743724800000000000,16.10410696487254,16.52507193286621,15.9384088968063,16.399677276611328,12262000,BITO
1743984000000000000,14.96660914548428,15.835408064473835,14.76060594734586,15.226353645324707,16304400,BITO
1744070400000000000,15.620447986425619,15.67418757978951,14.850173078689398,14.948697090148926,8147200,BITO
1744156800000000000,14.939739515183142,16.198151709296372,14.939739515183142,16.068281173706055,15029900,BITO
1744243200000000000,15.924975188648869,15.942887247527903,15.271136351564353,15.504010200500488,7597200,BITO
1744329600000000000,16.005586625059482,16.435506820495917,15.844366124683072,16.363853454589844,5920300,BITO
1744588800000000000,16.542984112499955,16.735552831540183,16.319067156253254,16.578811645507812,4379500,BITO
1744675200000000000,16.740032154506526,16.8743819868024,16.354894715801088,16.381765365600586,4074100,BITO
1744761600000000000,16.319067139524705,16.6818132232788,16.242936194487253,16.435504913330078,4757000,BITO
1744848000000000000,16.498201404590937,16.67733565292862,16.319067156253254,16.578811645507812,3402100,BITO
1745193600000000000,17.008733873546177,17.28549527901243,16.83855648762895,17.053518295288086,5940300,BITO
1745280000000000000,17.474479737724664,17.90439989028873,17.44760908755785,17.841703414916992,7837700,BITO
1745366400000000000,18.33431821210002,18.450755976178623,17.913354984959703,18.21788215637207,7581800,BITO
1745452800000000000,18.074579163672684,18.26266860961914,18.03875162633945,18.26266860961914,3744200,BITO
1745539200000000000,18.38806337936948,18.701545790941328,18.334322073084866,18.58510971069336,5001900,BITO
1745798400000000000,18.531368249015152,18.55823719110417,18.191013510180284,18.459714889526367,5302000,BITO
1745884800000000000,18.47762873240154,18.594066520533747,18.414932250338513,18.558238983154297,4661200,BITO
1745971200000000000,18.40597352366758,18.414930407115914,18.061142906836363,18.298494338989258,6443600,BITO
1746057600000000000,18.827617356387847,18.999697990520232,18.661979960948063,18.790809631347656,4765300,BITO
1746144000000000000,18.864425803716394,19.064111781902355,18.818415711142194,18.83681869506836,4383500,BITO
1746403200000000000,18.29389249368036,18.44112866188754,18.178865498798846,18.3030948638916,4439100,BITO
1746489600000000000,18.19267136867722,18.505544959881544,18.128256527283295,18.45033073425293,3867300,BITO
1746576000000000000,18.800012004639026,18.965651155279964,18.614128692981133,18.698787689208984,3994600,BITO
1746662400000000000,19.32453519740123,19.775440808053204,19.260120360904182,19.6926212310791,6815400,BITO
1746748800000000000,20.00549419268118,20.166533034219785,19.876664523588378,20.05150604248047,5364000,BITO
1747008000000000000,20.19874060760818,20.299963167603753,19.549988439391164,19.747833251953125,7820300,BITO
1747094400000000000,20.16193110057035,20.40118745553866,19.97788721054161,20.364377975463867,6333600,BITO
1747180800000000000,20.21714476791169,20.281561361873713,19.91715415711631,20.04230499267578,6374100,BITO
1747267200000000000,19.922675347136533,20.235548916528554,19.674216614647694,20.03310203552246,6510900,BITO
1747353600000000000,20.097516709908717,20.31836832972201,20.065309291717572,20.217144012451172,5290100,BITO
1747612800000000000,19.88586815839942,20.502412943544716,19.86746341730906,20.47480583190918,6250600,BITO
1747699200000000000,20.290761614837493,20.824486811923364,20.207942036395487,20.77847671508789,6193500,BITO
1747785600000000000,20.649646151876134,21.321403365755575,20.59443193184055,21.07294464111328,12289700,BITO
1747872000000000000,21.625076155553682,21.744703464138183,21.438273120610116,21.56066131591797,12543800,BITO
1747958400000000000,21.072945961891296,21.34901181385422,20.95791896236659,21.063743591308594,10563900,BITO
1748304000000000000,21.422627818964152,21.477840284183607,21.08582774422845,21.32140350341797,7258100,BITO
1748390400000000000,21.100553112943864,21.155765581370204,20.714062323614023,20.723264694213867,6964800,BITO
1748476800000000000,21.008530435150437,21.01313074270481,20.428795148802884,20.46560287475586,8381200,BITO
1748563200000000000,20.46560318790881,20.539220396113876,20.05150704994505,20.25395393371582,9787800,BITO
1748822400000000000,20.087202586588468,20.265519367950578,20.02937046477238,20.19322967529297,5666400,BITO
1748908800000000000,20.395642852744007,20.675168143042526,20.31178563334445,20.540224075317383,5316800,BITO
1748995200000000000,20.29925537109375,20.420705219558233,20.125757163387387,20.29925537109375,4840200,BITO
1749081600000000000,20.46311386226207,20.472752855510777,19.637070709192596,19.692012786865234,10542800,BITO
1749168000000000000,20.106480241808406,20.395642684570856,20.0920208327553,20.1643123626709,7249800,BITO
1749427200000000000,20.81010963623571,21.04143995186064,20.675167411733646,21.002885818481445,8418400,BITO
1749513600000000000,21.195660050632352,21.335422690101836,20.92577376459989,21.176382064819336,5924700,BITO
1749600000000000000,21.205299839590225,21.34506248430643,20.94505253669453,21.012523651123047,6237600,BITO
1749686400000000000,20.626972198486328,20.954690601286615,20.559501087048016,20.626972198486328,6131400,BITO
1749772800000000000,20.260701235186804,20.487211149958963,20.10166059863929,20.29925537109375,8105500,BITO
1750032000000000000,20.588418719067324,21.041440366282394,20.55950173962595,20.98360824584961,6062200,BITO
1750118400000000000,20.38600354032832,20.414920519770334,19.942620886250573,20.212505340576172,8460400,BITO
1750204800000000000,20.067923487171143,20.33780977143244,19.966716819991873,20.029369354248047,5926000,BITO
1750377600000000000,20.453475432583463,20.477573835594225,19.740206458575656,19.923343658447266,6255100,BITO
1750636800000000000,19.51851439143484,19.94262089791596,19.219712957492444,19.91370391845703,9184300,BITO
1750723200000000000,20.27997824678149,20.520947559570526,20.21347048113012,20.386003494262695,5871200,BITO
1750809600000000000,20.81010975858286,20.87758087123057,20.608659768406152,20.781192779541016,4358100,BITO
1750896000000000000,20.66552902032918,20.790832255521416,20.549862939924832,20.761917114257812,5441400,BITO
1750982400000000000,20.578780713342265,20.77155507018467,20.506489180495084,20.598058700561523,5838100,BITO
1751241600000000000,20.761916780885006,20.78312146259783,20.540223616873877,20.732999801635742,8683900,BITO
1751328000000000000,20.510000228881836,20.635000228881836,20.260000228881836,20.270000457763672,6630300,BITO
1751414400000000000,20.690000534057617,21.170000076293945,20.674999237060547,21.1299991607666,11261400,BITO
1751500800000000000,21.06999969482422,21.309999465942383,21.0049991607666,21.06999969482422,5786300,BITO
